seed,data_noise_std,Choquet_Weight_train_acc,Choquet_Weight_test_acc,Choquet_Weight_train_f1,Choquet_Weight_test_f1,Choquet_Weight_train_auc,Choquet_Weight_test_auc,Choquet_Power_train_acc,Choquet_Power_test_acc,Choquet_Power_train_f1,Choquet_Power_test_f1,Choquet_Power_train_auc,Choquet_Power_test_auc,Choquet_Weight_TN3_train_acc,Choquet_Weight_TN3_test_acc,Choquet_Weight_TN3_train_f1,Choquet_Weight_TN3_test_f1,Choquet_Weight_TN3_train_auc,Choquet_Weight_TN3_test_auc,Choquet_Weight_TN6_train_acc,Choquet_Weight_TN6_test_acc,Choquet_Weight_TN6_train_f1,Choquet_Weight_TN6_test_f1,Choquet_Weight_TN6_train_auc,Choquet_Weight_TN6_test_auc,Choquet_Power_TN3_train_acc,Choquet_Power_TN3_test_acc,Choquet_Power_TN3_train_f1,Choquet_Power_TN3_test_f1,Choquet_Power_TN3_train_auc,Choquet_Power_TN3_test_auc,Choquet_Power_TN6_train_acc,Choquet_Power_TN6_test_acc,Choquet_Power_TN6_train_f1,Choquet_Power_TN6_test_f1,Choquet_Power_TN6_train_auc,Choquet_Power_TN6_test_auc,LogisticRegression_train_acc,LogisticRegression_test_acc,LogisticRegression_train_f1,LogisticRegression_test_f1,LogisticRegression_train_auc,LogisticRegression_test_auc
0,0.5,0.9959357854094696,0.5452497952497952,0.9959359546099605,0.6074198749582574,0.9999648079306072,0.6859147975737057,0.9939036781142044,0.6132268632268633,0.9939038211352373,0.6699114472163776,0.9998932672449402,0.721332513820876,0.9871977240398293,0.6670761670761671,0.9871929906625657,0.7141080527917372,0.999893102023957,0.7199658760386649,0.9603739077423288,0.5286650286650286,0.9603368730702085,0.5904108207858031,0.9998602230483271,0.724012386729272,0.9845559845559846,0.6891891891891891,0.9845484643477518,0.7311698837338678,0.9998103263114415,0.7207645648187333,0.9703312334891282,0.5659295659295659,0.9703192467533476,0.6272435471369993,0.9996771581990913,0.724858768447427,1.0,0.5567158067158067,1.0,0.6193184689905358,1.0,0.6896402205966319
0,2.5,1.0,0.6644144144144144,1.0,0.7008041977829009,1.0,0.5125922791178821,1.0,0.4903767403767404,1.0,0.5590267767291578,1.0,0.5579281112924785,0.9989839463523674,0.75,0.9989839287250689,0.7540690573790627,1.0,0.5620666492016471,0.9965454175980492,0.39107289107289106,0.9965455679809233,0.4464939942449758,1.0,0.5666095694872674,0.9975614712456817,0.7899262899262899,0.9975613612457725,0.7710752693991847,1.0,0.5673464589672799,1.0,0.5634725634725635,1.0,0.6275076281617324,1.0,0.5756641745427188,1.0,0.5919328419328419,1.0,0.6459209357619713,1.0,0.4853424823166677
0,0.05,0.9766307661044503,0.7577805077805078,0.9766320092152887,0.77905492231444,0.9975601817430814,0.6586152926398376,0.9703312334891282,0.7536855036855037,0.970333142420706,0.7789808808783452,0.997202643535729,0.7598045933001498,0.9691119691119691,0.7751842751842751,0.9691013228736213,0.7924598697178916,0.9973029326724494,0.7595802349716866,0.9335500914448283,0.6863226863226863,0.9333395082005562,0.7309890287093103,0.9970058653448988,0.7612535181938483,0.9660638081690713,0.7790745290745291,0.9660456270449693,0.7929028975460078,0.996723667905824,0.7599836097508548,0.9406624669782565,0.7110974610974611,0.9405313404969085,0.7495812180628517,0.995895580338703,0.7627870812593622,1.0,0.6515151515151515,1.0,0.6987941774122451,1.0,0.6885422754233588
0,0.0,0.968705547652916,0.7618755118755118,0.968707491437261,0.781754025806406,0.997432135481206,0.6575452243247418,0.9644381223328592,0.7612612612612613,0.9644403957134772,0.784001558810719,0.9959454770755886,0.7609881842425219,0.9650477545214388,0.7735462735462736,0.9650373808830894,0.7902855756497307,0.9962101610904585,0.7608914549033042,0.9246088193456614,0.6908271908271908,0.9242827258577646,0.7344831418190492,0.9954615448161916,0.761780491573128,0.9599674862832758,0.783988533988534,0.9599460390889758,0.7964535607242561,0.9955092936802974,0.7612111991079406,0.9313147734200365,0.7143734643734644,0.931105002321448,0.7520629854712169,0.9940616274266831,0.7632324392586771,1.0,0.6525389025389026,1.0,0.6998317423559907,1.0,0.6980922824765398
1,0.0,0.974,0.6997160435399905,0.9739990639663029,0.7424593027820978,0.99735536,0.738625710644816,0.972,0.7049219119734974,0.971997199719972,0.7466651219640679,0.99717712,0.779835051864644,0.9718,0.7262186464742073,0.9717994032753733,0.7629145768638536,0.99738064,0.7806068133830711,0.9526,0.6415049692380501,0.952507216197853,0.6948375689864933,0.9965980799999999,0.7781803043736633,0.9674,0.7375769048745859,0.9673960549226457,0.7712576311003806,0.99685328,0.7812528231717311,0.9576,0.6691907240889731,0.9575509288737781,0.7180865236948106,0.99558624,0.7793774426819531,1.0,0.6294368196876479,1.0,0.6841968013312221,1.0,0.7461140672603784
1,0.05,0.9818,0.704448651206815,0.9817999934479976,0.7455911993463534,0.99867216,0.739923177950501,0.9582,0.7025556081400852,0.958190084360407,0.7448439247370691,0.99467728,0.7777599213348024,0.96,0.7252721249408424,0.9599990783787659,0.7625963871184726,0.99501456,0.7785394004684139,0.9442,0.6474207288215806,0.9440700613292825,0.6998823306261873,0.99361344,0.7764747114179392,0.9546,0.7347373402744912,0.9545913523771468,0.7694937896436882,0.9940651199999999,0.7795708370389234,0.9454,0.6727401798390913,0.9453168268937053,0.720982263795119,0.9918606400000001,0.778040479345619,1.0,0.6228111689540937,1.0,0.6786079179890696,1.0,0.7442999737147107
1,2.5,1.0,0.31897775674396595,1.0,0.3499271954024573,1.0,0.5899930677656551,0.9996,0.22621864647420728,0.9995999999359999,0.19656723807716345,1.0,0.616369152601313,0.9996,0.3752957879791765,0.9995999999359999,0.42396498931173016,1.0,0.6158407229498721,0.9988,0.22385234264079507,0.9987999982719975,0.1916939222327419,1.0,0.6219349150812643,0.9992,0.4247515380974917,0.9991999994879996,0.4854686617771473,1.0,0.6173783442809975,0.9998,0.2972077614765736,0.9997999999920001,0.3136707670586361,1.0,0.6243827610267697,1.0,0.3291528632276384,1.0,0.37492646158828186,1.0,0.5503994319835224
1,0.5,0.9988,0.5499290108849977,0.9987999992319996,0.6123547686422475,0.99999744,0.6893441979196033,0.9946,0.6008045433033602,0.9945999825039433,0.6594242691907714,0.999924,0.7272240691534639,0.9928,0.6332229058211074,0.9927996267326498,0.6877862560447852,0.99992992,0.7268109497524233,0.9758,0.5262659725508755,0.9757858192071606,0.5888647050223995,0.9998875199999999,0.7282164636706885,0.9878,0.6547562707051585,0.9877981838816889,0.7056233018295349,0.99987552,0.726437326382032,0.9846,0.5686228111689541,0.9845965342201994,0.6298166612493843,0.99975488,0.7275350436476535,1.0,0.5861334595362044,1.0,0.6467114099908219,1.0,0.7186743134613822
2,0.0,0.9753684635574399,0.7270564242012236,0.9753689615851832,0.7453559040369273,0.9972816958825927,0.7508564087924635,0.9749646678780537,0.7484704282800816,0.9749650168931732,0.7648214684184427,0.9976350591112924,0.8219409337451017,0.9761760549162124,0.7675050985723997,0.9761742113124695,0.780087431488515,0.9978281288218508,0.8220194378844107,0.949323642237028,0.6930659415363698,0.949239125823933,0.7169480800250779,0.9970930289441501,0.822306853865518,0.9362002826569755,0.6298436437797417,0.9359816138292045,0.6569471927923947,0.9984485935589074,0.8173085407313212,0.9658792650918635,0.7743031951053705,0.9658718905565997,0.7860135415120937,0.9958403587443946,0.8253782472166713,1.0,0.6135282121006118,1.0,0.642521467017451,1.0,0.7404997015545118
2,2.5,1.0,0.47178789938817134,1.0,0.510243558347037,1.0,0.5223204785508525,1.0,0.3069340584636302,1.0,0.2604469751779228,1.0,0.538266550748709,1.0,0.5438477226376615,1.0,0.5794016556709922,1.0,0.5476040017647211,1.0,0.3096532970768185,1.0,0.2629887930667531,1.0,0.5441906936911219,1.0,0.260707002039429,1.0,0.1676522724086483,1.0,0.5348590818259673,0.9995962043206138,0.600951733514616,0.9995962027073938,0.6287180828152729,1.0,0.568887057846521,1.0,0.3633582596872876,1.0,0.3786790160313316,1.0,0.46587275841486514
2,0.5,0.9927316777710479,0.611148878314072,0.992731802213481,0.63960354143827,0.9995085201793722,0.7162938260711598,0.989501312335958,0.6247450713800136,0.9895015357362577,0.6527715341121914,0.9996339176518548,0.779676511042483,0.989501312335958,0.6628144119646499,0.989499929633276,0.6891162106091326,0.9996345699143906,0.7783192328653362,0.9662830607712497,0.5622025832766825,0.9662562861087158,0.588031199043915,0.9995717896453322,0.7825960864713364,0.9557843731072078,0.49422161794697483,0.9557164002172094,0.5104011458338771,0.9998685690990624,0.7784794851166532,0.9816272965879265,0.677430319510537,0.9816228550219099,0.702441188747376,0.9989511618426417,0.7833026237251188,1.0,0.6114887831407206,1.0,0.641612517110907,1.0,0.7260406664417511
2,0.05,0.9735513830002019,0.7413324269204623,0.9735518099574998,0.7581695344156574,0.9966985731757032,0.748969065476345,0.968503937007874,0.7532290958531611,0.9685027430017722,0.7697159636430155,0.9964494088870771,0.8300859003970623,0.9711286089238845,0.7736233854520734,0.9711257625295349,0.7859833691061581,0.9967156950672645,0.8303804531181065,0.9408439329699172,0.6981645139360979,0.9407112868239109,0.7216343461291816,0.9956197309417041,0.8298166506630681,0.929941449626489,0.6305234534330387,0.9296504689379448,0.6575092885316794,0.9976485935589074,0.8256429553888875,0.9596204320613769,0.7797416723317471,0.9596129236224319,0.7908273620600142,0.9937875254790053,0.8326778345833443,1.0,0.6407205982324949,1.0,0.6664195519965861,1.0,0.7609354319674047
3,2.5,1.0,0.6767075306479859,1.0,0.6676553478259513,1.0,0.35162181759587496,1.0,0.6665499124343257,1.0,0.6756119302415583,1.0,0.47824202384788916,0.9996,0.7915936952714536,0.9995999999359999,0.723251715842989,1.0,0.46922333225910406,0.9998,0.6311733800350263,0.9997999999920001,0.6516701796233507,1.0,0.48039316790203024,0.9996,0.7961471103327495,0.9995999999359999,0.7239520628538154,1.0,0.4698791492104415,1.0,0.7285464098073555,1.0,0.7105230311104569,1.0,0.47937077022236546,1.0,0.6956217162872154,1.0,0.6906470527841265,1.0,0.34458427328391883
3,0.0,0.9816,0.7029772329246935,0.9815999735039619,0.7332284685412257,0.9976536,0.7694779245891071,0.986,0.6938704028021015,0.9859998566385318,0.727155400280417,0.999216,0.8282379954882371,0.9818,0.7225919439579684,0.9817967314210939,0.7512412736838207,0.99926624,0.8274154044473091,0.9586,0.6087565674255692,0.9585329876493608,0.6491288263007761,0.9989144,0.8293578794714792,0.9796,0.7380035026269702,0.9795939630780369,0.7639865385264584,0.9991048,0.8292152755398002,0.9626,0.6458844133099825,0.9625572238748434,0.6841156712687279,0.9984868800000001,0.8326401869158878,1.0,0.5989492119089317,1.0,0.6429575622207363,1.0,0.7257267160812119
3,0.05,0.983,0.7012259194395797,0.9829999177196017,0.732726516822977,0.9976300800000001,0.770559941991621,0.9816,0.6802101576182137,0.9815981598159815,0.7152891993623743,0.9991124800000001,0.8303673864002578,0.9816,0.7134851138353765,0.9815992463051287,0.7441588259381754,0.9991356800000001,0.8293329036416373,0.945,0.5863397548161121,0.9448331201885704,0.6268856431187203,0.9989419199999999,0.8329737350950691,0.979,0.7260945709281962,0.9789976401748499,0.7548481074184918,0.998912,0.8305937802126975,0.953,0.6217162872154116,0.9528959471472482,0.6613492710005714,0.99845104,0.8355792781179504,1.0,0.6098073555166375,1.0,0.6525866326782894,1.0,0.7470850789558491
3,0.5,0.9952,0.5824868651488616,0.9951998894054519,0.6265731248000568,0.9999121599999999,0.6994779245891072,0.9986,0.6343257443082312,0.9985999994959999,0.6739740175521775,0.99999056,0.810285207863358,0.9918,0.6858143607705779,0.9917994485949235,0.719744792553961,0.999992,0.8076619400580085,0.9708,0.5569176882661997,0.9707750816656313,0.5968723397337728,0.99997696,0.8156074766355141,0.9898,0.6994746059544659,0.9897989386815803,0.731345231208364,0.99998256,0.8096277795681599,0.9776,0.5845884413309983,0.9775887549336756,0.6253357413722767,0.9999334400000001,0.8194755075733162,1.0,0.6038528896672505,1.0,0.6465510774669658,1.0,0.7459386077989043
4,0.0,0.9752,0.6980215203054495,0.9751995198627046,0.7259433932786089,0.99698576,0.7724725585772367,0.9646,0.6962860118014579,0.9645897664425018,0.7248038045251031,0.99674736,0.8253938845879558,0.9552,0.7691773689691079,0.9551223365106718,0.7849185951410408,0.9972152,0.8242146202312945,0.901,0.5452967719541826,0.9000200969704071,0.5773630529436213,0.99557584,0.8261320276141954,0.9626,0.7518222839291913,0.962573518518763,0.7713710451563898,0.99690096,0.824904975113405,0.9364,0.7535577924331829,0.9363137535375907,0.7724286899900399,0.9913502399999999,0.8263172985729725,1.0,0.6244359597362027,1.0,0.6598969061807053,1.0,0.7598550181227346
4,0.05,0.9758,0.6827490454703228,0.9757998828714332,0.7126783099536503,0.9973056,0.7546762537035812,0.97,0.6945505032974661,0.9699937779097872,0.7232844338867472,0.99722736,0.8200761669497194,0.9554,0.7660534536619229,0.9553234261394661,0.7821019828657291,0.99759712,0.8203246652991905,0.9028,0.5341895175286359,0.9018729109631138,0.5654657100271008,0.9961641600000001,0.8185837064484587,0.9634,0.7521693856299896,0.9633725015392556,0.7714106500399041,0.9973316799999999,0.8206724159480066,0.9372,0.7594585213467546,0.937099358974359,0.7776929601544481,0.9924267200000001,0.8250020218060978,1.0,0.6043040610898993,1.0,0.641935363691572,1.0,0.750277538837057
4,2.5,1.0,0.7466157584172163,1.0,0.6935279071959557,1.0,0.5121631854841674,0.9998,0.5345366192294342,0.9997999999920001,0.5782164421817714,1.0,0.5833270841144857,0.9924,0.7611940298507462,0.9923995609986432,0.7065452845215603,1.0,0.6012924854981363,0.921,0.35959736202707393,0.9205038646190878,0.3514878933995986,1.0,0.589308689355007,0.9982,0.7403679278028462,0.9981999941679813,0.7069403351616916,1.0,0.6022629524250644,0.9192,0.35994446372787225,0.9186690193062034,0.35169947970189547,1.0,0.5950910547946212,1.0,0.7244012495661228,1.0,0.6952129501240777,1.0,0.5425748252056728
4,0.5,0.997,0.5866018743491843,0.9969999797198631,0.6227185205162333,0.99981248,0.7295418954983568,0.9952,0.6213120444290177,0.9951999623677049,0.6562959821085204,0.9999616,0.7904320783431482,0.9704,0.7178063172509546,0.970374042921446,0.7419174094985608,0.99997344,0.7865752075108259,0.9072,0.4616452620617841,0.906393879063474,0.4820929439786921,0.99989984,0.7962276774226751,0.9818,0.6983686220062478,0.9817939694344355,0.7259990207858601,0.9999611199999999,0.7883970386054684,0.957,0.7077403679278028,0.956920345719235,0.7336077314542324,0.9993585599999999,0.7950837027724477,1.0,0.5921555015619576,1.0,0.6289915433776297,1.0,0.7524971143312968
5,0.5,0.9971550497866287,0.5900900900900901,0.9971551165297775,0.64924111254471,0.9996832713754648,0.6945485628304079,0.9920747815484657,0.6482391482391482,0.9920747010179976,0.6995409330752691,0.9997161503510946,0.7270361861771086,0.9918715708189393,0.6582719082719083,0.9918705647051984,0.7076683420607447,0.9997389508467575,0.7268232472845254,0.9878073562284089,0.6261261261261262,0.9878081417226986,0.6809736893415865,0.9997187938868236,0.7277102687597822,0.9800853485064012,0.7096642096642096,0.9800710652398418,0.7464682132213465,0.9994914498141263,0.7255832308942762,0.9825238772607193,0.6871416871416871,0.9825150306912559,0.7300617822706023,0.9993339942172655,0.7262663818525013,1.0,0.5982800982800983,1.0,0.656996084032572,1.0,0.701940632368055
5,2.5,1.0,0.5497542997542998,1.0,0.6155499573017607,1.0,0.5607137819156439,1.0,0.47297297297297297,1.0,0.5401224906699865,1.0,0.5887998844621781,1.0,0.6717854217854218,1.0,0.712054391666947,1.0,0.5959719619262572,1.0,0.5866093366093366,1.0,0.647126466585926,1.0,0.5957761521874937,0.9989839463523674,0.7612612612612613,0.9989839287250689,0.7618116587429115,1.0,0.603676386621795,1.0,0.7364864864864865,1.0,0.7505581763000088,1.0,0.6056734444377271,1.0,0.6181408681408681,1.0,0.67152862261542,1.0,0.5542030241353135
5,0.05,0.973785815891079,0.7387387387387387,0.9737874592761478,0.7655388502949478,0.9970047087980174,0.640111440259557,0.9654541759804918,0.7530712530712531,0.9654562987800688,0.7776403034468323,0.9960682362660058,0.7509723313785945,0.9664702296281243,0.7542997542997543,0.9664723316322821,0.7783243967298503,0.9963557207765387,0.7505612316869192,0.9622028043080675,0.7387387387387387,0.9621979156497381,0.7691399239138178,0.9960076001652209,0.7507449502582809,0.9603739077423288,0.7864455364455365,0.9603485632595588,0.7977641272075254,0.9950850061957869,0.752208989111232,0.9561064824222719,0.7708845208845209,0.9561000409130272,0.7881580873246226,0.9941642296571664,0.7532024800327805,1.0,0.6611384111384111,1.0,0.7071950104802547,1.0,0.6932265951944327
5,0.0,0.9776468197520829,0.7473382473382474,0.9776478334339266,0.7724163527855271,0.9980449401073936,0.6628169733121066,0.9615931721194879,0.7614660114660114,0.961594266460293,0.7849961186827575,0.9958146220570013,0.7578501904358866,0.9630156472261735,0.7622850122850123,0.9630172569711806,0.785675878083598,0.9961744733581166,0.7575149964062364,0.9577321682584841,0.7352579852579852,0.9577150912650432,0.7670103392658719,0.9958023957042544,0.758006703880593,0.9571225360699045,0.786036036036036,0.9571044382538058,0.7978846799425903,0.9948156959933911,0.7579140049305093,0.9526519000203211,0.7757985257985258,0.9526503509900288,0.7933473293983285,0.9938555968608014,0.7591939893463381,1.0,0.6482391482391482,1.0,0.6970437175301892,1.0,0.7014411999811915
6,0.0,0.9782,0.7006625650733554,0.9781973618807875,0.7435155184892328,0.9983833599999999,0.7436013025518522,0.9814,0.7096545196403218,0.9813991897487054,0.7507282314754701,0.9987321600000001,0.7786969306136456,0.9652,0.7666824420255561,0.9651643282721507,0.7933739609281332,0.99882992,0.7806335980475342,0.9038,0.5468528159015618,0.9029089331411535,0.6084867659030574,0.99827136,0.7755790140792,0.982,0.7124940842404165,0.9819999279997119,0.7529235737842676,0.99889056,0.7788117868866822,0.9642,0.7380501656412684,0.964194670734792,0.7724903976436439,0.99584032,0.7799263013147638,1.0,0.6171320397539044,1.0,0.6738714081605481,1.0,0.7355854242395765
6,0.05,0.9872,0.706578324656886,0.9871997951967231,0.7470550042413744,0.9991192,0.722688381311931,0.9786,0.695929957406531,0.9785972184945156,0.7397559718722257,0.99862064,0.7742947121170645,0.9666,0.7529578797917653,0.9665695100559515,0.7828508435548456,0.99870384,0.7751781520669817,0.8988,0.5402271651680076,0.8977528418647877,0.6018135810991553,0.9981592,0.7725232924435922,0.9818,0.7016090866067203,0.9817997371882051,0.7443499105919311,0.99878976,0.7741167529904623,0.9606,0.7278750591575959,0.9605965183083577,0.7647250802280994,0.9952500799999999,0.7766871728241885,1.0,0.6114529105537151,1.0,0.6690951618894576,1.0,0.7303487953483664
6,2.5,1.0,0.4761003312825367,1.0,0.5448496162138272,1.0,0.5888145425292804,0.9992,0.3355418835778514,0.9991999994879996,0.3696885683539623,1.0,0.5989709241117819,0.9952,0.5840037860861335,0.9951998894054519,0.6458358069461572,1.0,0.6014700694993946,0.9416,0.2581637482252721,0.9414001416671642,0.25012541582325337,1.0,0.6041567075382487,0.9998,0.463558920965452,0.9997999999920001,0.5298571822140467,1.0,0.6005589369302868,0.997,0.5506389020350213,0.9969999797198631,0.616329289261853,0.9999936,0.6129625064635027,1.0,0.4929010884997634,1.0,0.563872251215545,1.0,0.5690424664045401
6,0.5,0.9974,0.5558447704685282,0.9973999824238811,0.6174301891830966,0.9999648,0.7081928840864138,0.9952,0.5866067203028869,0.9951999930879901,0.6466851798294206,0.9999311999999999,0.7409537065662831,0.974,0.6739233317557974,0.9739824121105867,0.7212367202715981,0.99993984,0.7399091046522238,0.9022,0.45125414103170847,0.9012555248947342,0.5072955259320016,0.9998659200000001,0.7439159088649523,0.9958,0.5989115002366304,0.9957999514474388,0.6578416370579766,0.99994608,0.7405710036486162,0.9786,0.6344060577378136,0.9785909148406219,0.6888046101954409,0.99896352,0.7365265193146939,1.0,0.577141504969238,1.0,0.6381334712285404,1.0,0.7402922615472548
7,2.5,0.9997981021603068,0.7104010876954453,0.9997981017652342,0.6740408294363693,1.0,0.5333311706848676,1.0,0.6142080217539089,1.0,0.6378330835680577,1.0,0.5816916668829315,1.0,0.6879673691366417,1.0,0.6811511269569399,1.0,0.5878960890665145,1.0,0.6954452753229096,1.0,0.6848983854841056,1.0,0.5880784003321828,1.0,0.7256968048946295,1.0,0.6934475215913097,1.0,0.5960404069239353,1.0,0.7355540448674371,1.0,0.6963408378911529,1.0,0.5976325487244699,1.0,0.6910265125764786,1.0,0.667834442274569,1.0,0.5309423091895259
7,0.5,0.9939430648092066,0.6189666893269884,0.9939431872750449,0.6466526356047978,0.9995165103954342,0.7587846780681493,0.9939430648092066,0.6335825968728755,0.9939431685112341,0.6610042732172013,0.9998641663269466,0.8033627020994991,0.9943468604885928,0.6532970768184908,0.9943466636651628,0.6801266584609205,0.9998625356706073,0.802594529364441,0.9943468604885928,0.6410605030591434,0.9943468812296747,0.6683753255299714,0.9998763962494904,0.8029065995380582,0.9921259842519685,0.6624745071380014,0.9921255816885745,0.6887905905325312,0.9997540970240522,0.803365297277658,0.9880880274581062,0.6764106050305915,0.9880854529162093,0.7015917842812941,0.9996968609865471,0.8034314743207122,1.0,0.5887151597552686,1.0,0.619555210017866,1.0,0.7550859003970622
7,0.0,0.9699172218857258,0.7307953772943576,0.9699164394268519,0.7465320332623556,0.9966597635548309,0.7519061583577714,0.9638602866949324,0.7501699524133243,0.9638577763821672,0.7671842025480619,0.9961917651854872,0.8317169698699816,0.9670906521300222,0.756968048946295,0.9670913765383955,0.7727040779496352,0.9965646962902568,0.8310551994394415,0.9658792650918635,0.7494901427600272,0.9658760520999421,0.7667310834624371,0.9965477374643293,0.8310649313575378,0.9616394104583081,0.7651257647858599,0.961639482387713,0.7796009131218326,0.9955047696697922,0.8322055121584097,0.9626488996567737,0.7722637661454793,0.9626461585179433,0.7853778794773157,0.995204076640848,0.8328822048633638,1.0,0.619986403806934,1.0,0.6484201895486735,1.0,0.7539848960631147
7,0.05,0.9765798505955986,0.7239972807613868,0.9765798047714651,0.7439726162492263,0.9969770892784345,0.7772908935198402,0.9828386836260852,0.7573079537729436,0.9828390068171811,0.7736354706111307,0.9986465552384836,0.8345314405833961,0.9822329901070058,0.7641060503059144,0.9822331682802776,0.7790228830062514,0.9987579290664492,0.8341162120779592,0.9834443771451645,0.7593473827328348,0.9834447456212596,0.7753492156834608,0.9987593966571545,0.8341402174759298,0.9808197052291541,0.7715839564921821,0.980819808440354,0.7849362706468472,0.9983336322869955,0.835104326161991,0.9749646678780537,0.7763426240652618,0.9749597165119459,0.7881724124015863,0.9982155727680391,0.8353735758959852,1.0,0.6189666893269884,1.0,0.6481066601563591,1.0,0.757337217449978
8,2.5,1.0,0.6980735551663748,1.0,0.68653164431109,1.0,0.5081533999355462,1.0,0.4521891418563923,1.0,0.5052818515689905,1.0,0.523059941991621,0.9976,0.7509632224168126,0.9975999861759203,0.7215870486544435,1.0,0.5494900096680632,0.9556,0.29071803852889666,0.9555122987252149,0.2601942500483459,1.0,0.5289977441185949,0.9762,0.773029772329247,0.9761865110873404,0.7253957717055737,1.0,0.5652537866580729,1.0,0.5005253940455342,1.0,0.5495895865206519,1.0,0.5860546245568804,1.0,0.6686514886164624,1.0,0.6698276817364243,1.0,0.4398001933612633
8,0.0,0.9728,0.6493870402802101,0.9727984288372495,0.6877567403637063,0.99581856,0.7570149854979052,0.9778,0.6949211908931698,0.977799608385092,0.728234976032199,0.99828112,0.8370915243312922,0.9598,0.7590192644483362,0.9597387626580028,0.7809375187694414,0.99848784,0.8375942636158556,0.9154,0.5499124343257443,0.9147959338444208,0.5893080355662715,0.9973529600000001,0.8354979052529811,0.9268,0.7905429071803853,0.9264056638844522,0.8039367303204236,0.99831552,0.8378633580406061,0.9582,0.6718038528896673,0.9581648166107696,0.7077203453754173,0.9954080000000001,0.8424540766999679,1.0,0.6077057793345009,1.0,0.6507550002965683,1.0,0.7450773445053174
8,0.05,0.9774,0.6711033274956217,0.9773999918639971,0.7071560531668878,0.9967921600000001,0.7539614888817273,0.9758,0.6882661996497373,0.9757985275824179,0.7224091657111402,0.9980124800000001,0.8353069610054787,0.9662,0.7492119089316988,0.9661666416620129,0.773301970089073,0.99818496,0.8343788269416693,0.9092,0.5446584938704028,0.9084451633314087,0.5833765327555834,0.9972436799999999,0.836039316790203,0.9364,0.7831873905429072,0.9361416957134933,0.798522527012383,0.99792912,0.8336964228166291,0.9504,0.660245183887916,0.950328274027696,0.6972796009340806,0.99512416,0.8427489526264904,1.0,0.5915936952714536,1.0,0.6363312322756179,1.0,0.7365339993554625
8,0.5,0.9968,0.5253940455341506,0.9967999672316644,0.5662792869854931,0.9999836799999999,0.696621817595875,0.998,0.5835376532399299,0.99799999968,0.6244769844968951,0.99998976,0.8238051885272317,0.9788,0.6725043782837128,0.9787904675877526,0.7084243331826279,0.99998768,0.8201079600386723,0.9212,0.45043782837127844,0.9207076388409244,0.4757959749547707,0.9999809599999999,0.8293457943925233,0.9458,0.7225919439579684,0.9456403108026261,0.7505710200184617,0.99997232,0.818336287463745,0.9784,0.5530647985989492,0.978390650931219,0.5929109435349739,0.99977136,0.8351144054141154,1.0,0.5502626970227671,1.0,0.5920502073825044,1.0,0.7627537866580728
9,0.05,0.9872,0.7129468934397779,0.9871999979519996,0.7375161817117873,0.9983888000000001,0.7664960997522368,0.9776,0.6782367233599444,0.9775948235080232,0.7086716058994339,0.99885504,0.8111287559643281,0.9794,0.6834432488719194,0.979397322476029,0.7132220496644471,0.9989414400000001,0.8105891175367785,0.9802,0.6928149947934745,0.9801983960700817,0.7214448305298998,0.99902,0.8099730180786224,0.9642,0.642485248177716,0.9641570903022263,0.675970436161134,0.9989683199999999,0.8110478837204173,0.9744,0.6709475876431794,0.9743889196221855,0.7022451245033213,0.9988123200000001,0.8114867994441871,1.0,0.5963207219715376,1.0,0.6347028848604429,1.0,0.7313725490196078
9,0.0,0.9848,0.6855258590767095,0.9847996497839311,0.7150620678246189,0.99822464,0.7635413220406272,0.981,0.6948976049982645,0.9809984608753309,0.7233720309038616,0.9990526399999999,0.8166626230544711,0.984,0.7025338424158278,0.9839995673483011,0.7300041971820375,0.99911888,0.8163053147768294,0.9846,0.7073932662270045,0.984599821973942,0.7341449250079674,0.9991856,0.8158855143107111,0.9674,0.6490801804928844,0.9673670002052877,0.682263020083716,0.9991276800000001,0.8164361807715212,0.9794,0.6855258590767095,0.979395845378262,0.7152186663583354,0.99901104,0.8169177382238983,1.0,0.6025685525859077,1.0,0.6403875155536822,1.0,0.7418749126947366
9,2.5,1.0,0.4505380076362374,1.0,0.49308588023380073,1.0,0.5138218016865539,1.0,0.2981603609857688,1.0,0.2592598141035537,1.0,0.5713844592955292,1.0,0.4234640749739674,1.0,0.45401231182903695,1.0,0.5696471764558843,1.0,0.43526553280111074,1.0,0.46948966175680923,1.0,0.5678400494055891,1.0,0.3398125650815689,1.0,0.3355661165502869,1.0,0.573290103442952,1.0,0.3911836167997223,1.0,0.41325864302380766,1.0,0.5736150628230294,1.0,0.35994446372787225,1.0,0.3837557694017238,1.0,0.49946697839240684
9,0.5,0.9954,0.5317598056230476,0.9953999188545688,0.5656729626305604,0.99993728,0.6986089974047363,0.9968,0.5890315862547727,0.9967999953919935,0.624513067411166,0.99997824,0.7891903217980105,0.998,0.6067337729954877,0.9979999971199959,0.6421413556561635,0.99998064,0.7885815743620284,0.9976,0.6157584172162444,0.9975999938559842,0.6510246495767584,0.9999838400000001,0.787613313041752,0.9878,0.5466851787573759,0.9877981838816889,0.5800019893577255,0.9999790399999999,0.7899813993839004,0.996,0.5848663658451927,0.9959999839999361,0.620336611398231,0.99997424,0.789962284126249,1.0,0.557098229781326,1.0,0.592900399665236,1.0,0.743161516575134
10,0.5,0.9969518390571022,0.5722768222768223,0.9969519599152297,0.6332610584751994,0.9999274679884346,0.6744258374812756,0.9943100995732574,0.6312448812448812,0.9943101357662923,0.6851794594821721,0.9998678232135482,0.7083217459645729,0.979272505588295,0.7043407043407044,0.9792566819350478,0.7418195344792837,0.999847335811648,0.7091053207853885,0.925218451534241,0.519041769041769,0.9248888920298656,0.5817022638617724,0.9998479966955803,0.7084023537472544,0.979272505588295,0.5470925470925471,0.9792704975241966,0.6096968574329631,0.999961833952912,0.7063223370883125,0.9811014021540337,0.6318591318591319,0.9811025166156655,0.6856431528736521,0.9991859562164395,0.7102872323989547,1.0,0.578009828009828,1.0,0.6392414456798899,1.0,0.6838616501756578
10,0.0,0.9717537085958139,0.7524570024570024,0.9717552111384793,0.7765073867244532,0.9967066501445682,0.6598909108007711,0.9599674862832758,0.7641277641277642,0.9599679822216028,0.7862889779827693,0.9958782321354813,0.7565812895901767,0.9624060150375939,0.7938165438165438,0.9623621613709908,0.802593826737585,0.9960776538620406,0.7569661917524804,0.9101808575492786,0.6502866502866503,0.9095885250750831,0.7014201644940168,0.9952522098306484,0.7564553399297369,0.9475716317821581,0.683046683046683,0.9474825863514017,0.728045991038117,0.997199834779017,0.7525290691816294,0.9424913635439951,0.7528665028665029,0.9424588383577753,0.7793490593732013,0.9918402313093764,0.7597313745642142,1.0,0.6644144144144144,1.0,0.7095858466521782,1.0,0.7072244725228221
10,2.5,1.0,0.8130630630630631,1.0,0.7762479817623129,1.0,0.5061883266496047,1.0,0.6873464373464373,1.0,0.7206470386372137,1.0,0.5694741685643082,0.9955293639504166,0.8300573300573301,0.9955289535671691,0.7866580034112209,1.0,0.5702956962161364,0.9743954480796586,0.5544635544635544,0.9743891860016836,0.6197982637566117,1.0,0.5761424473866285,1.0,0.5917280917280917,1.0,0.6506844228001151,1.0,0.5686868992201197,1.0,0.7682227682227682,1.0,0.766433781932286,1.0,0.5839184114892959,1.0,0.7029074529074529,1.0,0.7288328426693885,1.0,0.5218060845441295
10,0.05,0.9727697622434465,0.7585995085995086,0.9727708958867352,0.7806699201643462,0.9968837670384139,0.6688115054175148,0.9581385897175371,0.7565520065520066,0.9581404117366111,0.7813832421975445,0.9956181743081373,0.761017404563744,0.9638284901442796,0.7858312858312858,0.9637946497834796,0.7975650168375921,0.995890458488228,0.760061866473208,0.9065230644178013,0.6478296478296478,0.905842464804899,0.6994808594448819,0.9949726559273029,0.7636757820634249,0.9437106279211542,0.6834561834561834,0.943591648060493,0.7287606492444012,0.9970213961173069,0.7592947490746897,0.9382239382239382,0.7438574938574939,0.9381760958848473,0.7734049805076026,0.9915099545642297,0.7635921514888929,1.0,0.6670761670761671,1.0,0.7117315193771505,1.0,0.7105928702416218
11,0.5,0.9998,0.5362044486512069,0.9997999999920001,0.5990302260073351,0.99999952,0.7142362307530621,0.9922,0.577141504969238,0.992199974727918,0.6379481512388936,0.9997972799999999,0.7258158313710161,0.9932,0.583530525319451,0.9931999727998911,0.643883486105048,0.9998286399999999,0.7257259438529877,0.9902,0.559867486985329,0.9901996232735186,0.6216665666072592,0.99981104,0.7265984883461741,0.933,0.41481306199716045,0.9326978807868521,0.464330879933226,0.99996992,0.7295575128032966,0.9682,0.6639848556554662,0.9681678100162008,0.7128630442878526,0.99948896,0.7231823086837245,1.0,0.5830572645527686,1.0,0.6434071097180629,1.0,0.7268209372544268
11,2.5,1.0,0.7520113582584004,1.0,0.7531799524307976,1.0,0.5375087447389698,1.0,0.6769995267392334,1.0,0.7130837034115377,1.0,0.5527750955281868,1.0,0.7534311405584477,1.0,0.755563125117653,1.0,0.5553055653539003,1.0,0.7203028868906768,1.0,0.7371880266801267,1.0,0.5557327580532179,0.9876,0.49574065309985804,0.9875980930827923,0.5680556047750848,1.0,0.555285590349894,0.9876,0.497870326549929,0.9875980930827923,0.5700276919384399,1.0,0.5550281851846304,1.0,0.6885944155229532,1.0,0.717287568447132,1.0,0.48001977525396633
11,0.05,0.976,0.7037387600567913,0.975999016919733,0.7449012643915393,0.9956612800000001,0.7046350634864644,0.9576,0.6893043066729768,0.9575926109365297,0.7343956306883501,0.99464368,0.7697349634752513,0.9598,0.6975863700899195,0.9597975540831906,0.740915175274932,0.99490768,0.7698797822542973,0.9562,0.6822053951727401,0.956182821913503,0.7286872936996196,0.99450496,0.7697572083660764,0.9142,0.5364410790345481,0.913563686980624,0.5979800902723097,0.9965999999999999,0.7648102170329583,0.9434,0.7524846190250828,0.9433155424255925,0.7819830984582151,0.9927710399999998,0.7723026594447947,1.0,0.6019876952200662,1.0,0.6611562327335843,1.0,0.7306842846202002
11,0.0,0.9714,0.7006625650733554,0.9713991659996806,0.7433710436638389,0.9960974399999999,0.7173736683141505,0.9546,0.6978230004732607,0.9545892303818775,0.7413975141742192,0.9939152000000001,0.7753397680084875,0.957,0.7039753904401325,0.9569951679770738,0.7462595469617936,0.9942809599999999,0.7753869816543209,0.9498,0.6881211547562707,0.9497696025726927,0.7336809048779391,0.9937944000000001,0.7751881395689848,0.9108,0.544959772834832,0.9100845753354974,0.6059122575675118,0.99613664,0.7709548006517298,0.9398,0.7555608140085187,0.9397156766999407,0.7846165673983905,0.9920337600000001,0.7770866729043157,1.0,0.6232844297207761,1.0,0.6790434256353932,1.0,0.7427578126099476
12,0.0,0.9802140117100747,0.7440516655336505,0.98021375520383,0.7550078162402865,0.9974335099877701,0.7438176368307683,0.9676963456491016,0.7508497620666214,0.9676937146337127,0.7677809421537295,0.9972242967794538,0.8297070043858511,0.9683020391681809,0.7467709041468389,0.9682975423819947,0.7643394864808903,0.9975000407664084,0.8290426387771521,0.9646678780537048,0.7409925220938137,0.9646555355204853,0.7596232192773481,0.9972849571952711,0.8293890950613759,0.966686856450636,0.7593473827328348,0.9666865794317293,0.7743860589320213,0.9967833673053403,0.8302818363480652,0.9630526953361599,0.756968048946295,0.963051409139296,0.7727458947424259,0.9962476966979209,0.831354293722264,1.0,0.628144119646499,1.0,0.6556153746493472,1.0,0.7539349388835543
12,0.05,0.9751665657177468,0.7219578518014956,0.9751670333942737,0.7415935017875506,0.9967551569506726,0.7520534347182934,0.9788007268322229,0.7501699524133243,0.9788011260682824,0.7666405181624956,0.9983169995923359,0.8288940648275503,0.9796083181909954,0.7515295717199184,0.9796087022180622,0.7678283974173205,0.9984391357521402,0.828521007967197,0.9767817484352918,0.7409925220938137,0.9767813320008262,0.7587999922190449,0.9983086832450061,0.8286326006280331,0.9763779527559056,0.7630863358259687,0.9763780798686463,0.7765972470367387,0.9979773338768855,0.8299068331040926,0.9751665657177468,0.7579877634262406,0.9751668491742888,0.7725409086737862,0.9976412556053812,0.8306120727687957,1.0,0.628823929299796,1.0,0.6570922908506945,1.0,0.7609289440220071
12,2.5,1.0,0.667912984364378,1.0,0.6615625013446541,1.0,0.5339202761269561,1.0,0.6023113528212101,1.0,0.6270881389744829,1.0,0.5866283445358524,1.0,0.7161794697484705,1.0,0.6851429701631331,1.0,0.5868405003503491,1.0,0.7066621346023113,1.0,0.6898687766222462,1.0,0.5880044377546518,1.0,0.7413324269204623,1.0,0.6899267546168966,1.0,0.5930176731632627,1.0,0.730455472467709,1.0,0.6880335989744699,1.0,0.5930280538758986,1.0,0.6747110808973488,1.0,0.6570816130597199,1.0,0.5333921573716036
12,0.5,0.9949525540076721,0.5567641060503059,0.9949526675830784,0.5824334211778602,0.9999241744802283,0.7151895777645134,0.9983848172824551,0.6125084976206662,0.9983848172824551,0.6400472729182368,0.9999825519771708,0.7925680585472192,0.9987886129618413,0.623725356900068,0.998788602887365,0.6512077115037433,0.9999836934366082,0.7919101808839177,0.9981829194427619,0.6084296397008837,0.9981829292206651,0.6359060981865611,0.9999838565022422,0.7928515817610878,0.996567736725217,0.6478585995921142,0.9965675844794066,0.6748965625662768,0.9999590705258867,0.7929229491604599,0.9961639410458308,0.6403806934058464,0.996163744925203,0.6676830659911994,0.9999458622095393,0.7944086886564762,1.0,0.5591434398368457,1.0,0.5858069381012697,1.0,0.7512995354631096
13,0.05,0.9786,0.6732049036777583,0.9785999580559179,0.7089325563793933,0.99706768,0.7537568482114083,0.9772,0.6844133099824868,0.9771969316191186,0.719022556363605,0.9983705600000001,0.8320488237189816,0.9722,0.7362521891418564,0.9721857936159473,0.7625550167739354,0.9985011199999999,0.8322494360296487,0.9166,0.5502626970227671,0.9160214719200572,0.58958380880049,0.99776512,0.8308040605865292,0.975,0.6528896672504378,0.9749913480067564,0.6907191514531137,0.9986510399999999,0.8301579116983565,0.9644,0.7145359019264448,0.9643999487359263,0.7451510991679252,0.99552544,0.838818079278118,1.0,0.613660245183888,1.0,0.6560543153969189,1.0,0.7469376409925879
13,0.0,0.9768,0.6781085814360771,0.9767999071996288,0.7108705804511605,0.99751616,0.7021970673541734,0.9558,0.6844133099824868,0.9557859912334625,0.7190475105041693,0.99507792,0.8339155655816952,0.9552,0.7316987740805604,0.9551444221448142,0.7586402997583108,0.9955913599999999,0.8337665162745731,0.9016,0.5635726795096322,0.9006614654194484,0.6035168441683878,0.99302672,0.8339510151466323,0.9566,0.6651488616462347,0.9565673925356201,0.7017893172290939,0.9957711999999999,0.832419432806961,0.9388,0.7211908931698774,0.9387985899195117,0.75090491980115,0.98840512,0.8414477924589105,1.0,0.6028021015761821,1.0,0.6463617397136345,1.0,0.740630035449565
13,0.5,0.9952,0.5523642732049037,0.995199937791194,0.5959475915900722,0.99994448,0.6972913309700289,0.9962,0.5835376532399299,0.9961999925519853,0.6250499570625071,0.9999592,0.8148308088946182,0.9818,0.6693520140105079,0.9817939694344355,0.7056349048904901,0.99996832,0.8118474057363843,0.9352,0.4563922942206655,0.934926754840646,0.4834892628237637,0.99988432,0.8206558169513374,0.9968,0.5590192644483363,0.9967999672316644,0.6001054954129434,0.99997072,0.8131413148565904,0.9832,0.649737302977233,0.9831967065544847,0.6879683121186753,0.99959648,0.8272228488559458,1.0,0.5415061295971979,1.0,0.5846072450167146,1.0,0.7381815984531099
13,2.5,1.0,0.5884413309982487,1.0,0.6326399491339499,1.0,0.5857315501127941,1.0,0.44518388791593694,1.0,0.48210569420256977,1.0,0.6478295198195295,0.9972,0.6851138353765324,0.997199978047828,0.7074949587397563,1.0,0.6640356106993232,0.9784,0.34115586690017513,0.9783899175999555,0.3367542088829932,1.0,0.6557871414759909,1.0,0.523292469352014,1.0,0.5698805183892471,1.0,0.6515734772800514,0.9986,0.6998248686514886,0.9985999972559947,0.723577083978344,0.9999998400000001,0.7074758298420882,1.0,0.44658493870402804,1.0,0.49694045133137366,1.0,0.5733378988076054
14,2.5,1.0,0.43353002429711907,1.0,0.47976064211944985,1.0,0.4389289574097355,1.0,0.29642485248177713,1.0,0.25497985488680236,1.0,0.5247270561768014,0.9996,0.44324887191947243,0.9995999999359999,0.4844866476687841,1.0,0.5163148724056552,0.9986,0.26865671641791045,0.9985999972559947,0.19899019753627167,1.0,0.551066410816295,0.9974,0.5421728566469975,0.9973999824238811,0.5857264744353022,1.0,0.5196798929545572,0.9998,0.3512669212079139,0.9997999999920001,0.3601408725459777,1.0,0.5546769889057985,1.0,0.3654980909406456,1.0,0.39258889855608153,1.0,0.4383143283560143
14,0.5,0.9966,0.5223880597014925,0.9965999606955457,0.5544566445583388,0.99997136,0.6631340200122043,0.999,0.5581395348837209,0.9989999996399999,0.591727235198809,0.9999936,0.8004962614967247,0.9944,0.6126345019090593,0.9943998243784925,0.6477803709193977,0.9999912,0.7994103678216693,0.9728,0.4807358556056925,0.9727798614526971,0.5035207514132134,0.999992,0.8028305285368742,0.9854,0.6497743838944811,0.9853968872004756,0.6829775650146265,0.99997152,0.8006263922891991,0.989,0.5341895175286359,0.9889987639011121,0.5648502763029393,0.9999496,0.805305219200541,1.0,0.5137105171815342,1.0,0.5447842486633736,1.0,0.7672798253159532
14,0.05,0.9782,0.6563693162096494,0.9781996154412164,0.6890779783385489,0.9971872,0.7173390090944515,0.9656,0.6813606386671295,0.9655953705130563,0.7116267858288654,0.99657728,0.8169280310549415,0.9656,0.7244012495661228,0.9655907452868523,0.7487258520510623,0.99665024,0.816451620018086,0.944,0.6147171121138494,0.9438528135194725,0.6493123790080855,0.9955411200000001,0.8194402170316945,0.958,0.7490454703228046,0.9579601192875609,0.7688129589483494,0.9959616,0.8176544108457031,0.9492,0.6619229434224227,0.9491466161517715,0.6940196996308863,0.9938396800000001,0.8224773373916496,1.0,0.5866018743491843,1.0,0.6259225091621617,1.0,0.7354323356639244
14,0.0,0.9804,0.7198889274557445,0.980399745980708,0.7427561088048543,0.99612784,0.7579890748950499,0.9712,0.7025338424158278,0.971193690265916,0.7302768979931302,0.99764096,0.8199386841350714,0.9732,0.7244012495661228,0.9731992753084043,0.7485496205534347,0.99780352,0.8192872949704816,0.9394,0.6178410274210344,0.9391854242836254,0.6522851065220732,0.99701536,0.8215186337001992,0.9692,0.7434918431100312,0.9691886417008766,0.7639508401347035,0.99726288,0.8201754192490645,0.9508,0.6657410621312044,0.9507045640359736,0.6975105979087126,0.9957782399999999,0.8239911187572142,1.0,0.604998264491496,1.0,0.6425328033356275,1.0,0.7421160590220339
15,0.05,0.9689087583824426,0.7336199836199836,0.9689101118283102,0.763587646790293,0.9963814952498967,0.6701445566236086,0.9644381223328592,0.7571662571662572,0.964440410413383,0.7815617372332645,0.9960963238331267,0.7594432017411281,0.9587482219061166,0.7913595413595413,0.9586808637061253,0.8006914127855113,0.9962227178851715,0.7589471280118762,0.9000203210729526,0.6263308763308764,0.8991754509092383,0.6810749812294439,0.9956631144155309,0.7602694315136126,0.9630156472261735,0.7217444717444718,0.9630100022412544,0.7572665070066209,0.9968859149111937,0.7580214819740846,0.9475716317821581,0.7655610155610155,0.947573913728377,0.787495284356237,0.9912718711276333,0.7615658733517389,1.0,0.6670761670761671,1.0,0.7119066320649676,1.0,0.7099779000329148
15,0.0,0.9817110343426133,0.735053235053235,0.9817121581776834,0.7641417124311871,0.9980209830648492,0.6661111446976872,0.9800853485064012,0.7530712530712531,0.9800849289737665,0.7781707361369246,0.9985368029739776,0.7550890380132868,0.9654541759804918,0.7940212940212941,0.9654028732853507,0.800888136410045,0.9984761668731928,0.7557409534557229,0.909571225360699,0.6371826371826372,0.90895964990075,0.6904084482209483,0.9984272614622056,0.7555357394756465,0.978866084129242,0.7250204750204751,0.9788670039835317,0.7591799400444815,0.9989141676992978,0.7540834559243361,0.9648445437919122,0.7639230139230139,0.9648446570553488,0.7852495629003117,0.9957072284180091,0.7575986269807683,1.0,0.6582719082719083,1.0,0.7044805588487938,1.0,0.6986105233460291
15,0.5,0.9965454175980492,0.5356265356265356,0.9965455545705936,0.5972750803430461,0.9999264766625361,0.6841726618705036,0.9937004673846779,0.6156838656838657,0.9937003107345513,0.6720487840067545,0.9998750929368029,0.7327166837958206,0.9752082909977647,0.6984029484029484,0.9751831443104872,0.7380933735292394,0.9998696406443618,0.7305335563481987,0.9158707579760211,0.48628173628173627,0.9153866940517231,0.5457890400952067,0.999824370095002,0.7364847617704157,0.9943100995732574,0.5853808353808354,0.9943103768684731,0.6451870305525469,0.9999317637339942,0.7329514539628802,0.9827270879902459,0.6392301392301393,0.9827246544963262,0.6918084750733297,0.9989635687732341,0.7307720210386314,1.0,0.5796478296478297,1.0,0.6401266229095558,1.0,0.7217748490283404
15,2.5,1.0,0.7375102375102375,1.0,0.7520974920045301,1.0,0.554229221664685,1.0,0.5773955773955773,1.0,0.6393922151016065,1.0,0.5855953892348306,0.9975614712456817,0.8054873054873055,0.9975613612457725,0.7837782653984079,1.0,0.5944061557476708,0.979272505588295,0.4285421785421785,0.9792704975241966,0.49321721999003515,1.0,0.5904892892408762,1.0,0.6517199017199017,1.0,0.6977578213893135,1.0,0.5871887364058334,1.0,0.7538902538902539,1.0,0.7639902961571312,1.0,0.6108689518973057,1.0,0.7174447174447175,1.0,0.7387930991357988,1.0,0.567891569097663
16,0.05,0.985,0.732371036441079,0.9849994233778346,0.76685097760484,0.9988096,0.7369242034853658,0.9722,0.6919072408897302,0.9721961285889447,0.7366682349255084,0.99757408,0.778750045965208,0.9744,0.6890676762896356,0.9743958050086927,0.7343694313995112,0.99782848,0.7788835153101596,0.9652,0.660672030288689,0.9651678094828116,0.7110517807124935,0.99756112,0.7783119578091597,0.9656,0.6630383341221012,0.9655690121108998,0.7130206282370954,0.99769792,0.778141716297742,0.9536,0.6386654046379555,0.9535083482173417,0.6923887802376201,0.99723264,0.7778429991923742,1.0,0.6301467108376716,1.0,0.6848306478842532,1.0,0.7513293592154908
16,0.5,0.9978,0.556791292001893,0.9977999893519486,0.6187461289617691,0.9999744,0.7047176873666724,0.9914,0.5629436819687648,0.9913999831439669,0.6248112188712652,0.9997664,0.7260609791474577,0.9918,0.5764316138192144,0.9917999261993358,0.6374075658860201,0.99978896,0.7260564393738199,0.9868,0.5444865120681496,0.9867984601723945,0.6068437239866874,0.9997630399999999,0.7262416621382425,0.9872,0.5506389020350213,0.987198615402242,0.6130260777038998,0.9997592000000001,0.726424615015846,0.9768,0.5217699952673923,0.9767875061072872,0.5841070348337725,0.9996828799999999,0.7259797171993408,1.0,0.5766682442025556,1.0,0.6379794462652615,1.0,0.7217159617987128
16,0.0,0.9762,0.6907240889730242,0.9761957257045076,0.7354701796915594,0.9968752000000001,0.7426229813329048,0.9776,0.6994794131566493,0.9775993942876215,0.7426062642921867,0.99857968,0.7799117740391228,0.9788,0.7013724562233791,0.9787997252444391,0.7441120186306859,0.99868448,0.780180528638481,0.9772,0.6699006152389967,0.9771935631112525,0.7185855522318056,0.9985032,0.7793220574435719,0.978,0.6725035494557501,0.9779934895939616,0.7207238448151871,0.9985862400000001,0.779184502302346,0.9682,0.6495504022716517,0.9681709706520735,0.701687691975828,0.9982584000000001,0.7785875220689746,1.0,0.619971604353999,1.0,0.6763169732432575,1.0,0.7463042837758024
16,2.5,1.0,0.8305726455276857,1.0,0.7792957034261677,1.0,0.47227719131468665,1.0,0.7082347373402745,1.0,0.7281590813028253,1.0,0.5142669196228538,1.0,0.7905821107430194,1.0,0.765419297855942,1.0,0.5108539178019507,1.0,0.7491717936583058,1.0,0.7467044311282836,1.0,0.512353859011882,1.0,0.7671557027922385,1.0,0.7565353632158174,1.0,0.5125944670146857,1.0,0.7491717936583058,1.0,0.7468853925557929,1.0,0.5139727422911239,1.0,0.6909607193563654,1.0,0.7157332232362051,1.0,0.43238166058563987
17,0.5,0.9939430648092066,0.5520054384772264,0.9939431996175341,0.5758774867060305,0.9997904606604159,0.7185717437002052,0.9949525540076721,0.6084296397008837,0.9949526449524485,0.635485024619034,0.9999174887892377,0.7984746840370591,0.9949525540076721,0.628144119646499,0.9949524227226261,0.6554887482393705,0.9999262943334692,0.7973049074818986,0.9872804360993337,0.5673011556764106,0.9872799134617595,0.5922410638898228,0.9999003668976764,0.8006669607868581,0.9937411669695134,0.6023113528212101,0.9937413062727863,0.6292306419554384,0.9999096616388097,0.7991267225495029,0.975570361397133,0.5418082936777702,0.975561442843486,0.5643922963533891,0.9998569914390543,0.8022513170529157,1.0,0.5669612508497621,1.0,0.5959825000951605,1.0,0.7499695066566319
17,0.05,0.9749646678780537,0.7382732834806254,0.9749649189403913,0.7505157035998223,0.9969082755809213,0.7515428334155141,0.9622451039773875,0.7420122365737594,0.9622371803684632,0.759505591033993,0.9965907867916836,0.8252770352684712,0.9654754694124773,0.7454112848402448,0.9654730712924614,0.762111449610907,0.9969545862209539,0.8249630187112346,0.9428629113668484,0.7022433718558804,0.9427497476219509,0.7251427503683379,0.9962935181410517,0.8246658708120312,0.9537653947102765,0.7250169952413325,0.9537219990399337,0.7450778900094703,0.9966424785976356,0.8245328679313835,0.9309509388249546,0.6855880353501019,0.9306941221977527,0.7101147737030925,0.9957138198124745,0.8246697635792699,1.0,0.6417403127124405,1.0,0.6677457739706346,1.0,0.7591648716684399
17,0.0,0.9751665657177468,0.7399728076138681,0.9751671224820532,0.7548018565037375,0.9967556461475744,0.7517102224067682,0.9644659802140118,0.761386811692726,0.9644614781368918,0.7770982814514297,0.9965280065226254,0.8303175200477513,0.9697153240460327,0.7685248130523453,0.9697156697028875,0.7827904802257133,0.9968358744394619,0.8303045441569563,0.9521502119927316,0.7253569000679809,0.9520978217245781,0.7462047147955669,0.9960766408479413,0.8295655671761866,0.9606299212598425,0.7477906186267845,0.9606136119099655,0.7656645801200084,0.9964624541377904,0.8298224898139257,0.9406420351302242,0.7029231815091774,0.9405008080488155,0.726029346454883,0.9954481858948226,0.8292288428100588,1.0,0.6250849762066621,1.0,0.6534825595497207,1.0,0.756527521864376
17,2.5,1.0,0.6658735554044868,1.0,0.6544141294075054,1.0,0.5871674927983807,1.0,0.5190346702923182,1.0,0.554548605637652,1.0,0.5864654971063764,1.0,0.6713120326308634,1.0,0.6786191055815178,1.0,0.602120909350427,1.0,0.549286199864038,1.0,0.5843272617687666,1.0,0.5978453533335063,1.0,0.6233854520734194,1.0,0.6468492803279718,1.0,0.6022208237095477,1.0,0.5516655336505778,1.0,0.5865616888989625,1.0,0.6019029143850726,1.0,0.6196464989802856,1.0,0.627157609320645,1.0,0.5310415747541068
18,0.0,0.9758,0.67215411558669,0.9757989458020792,0.7080945547824591,0.9971662399999999,0.7428101836932001,0.9752,0.687215411558669,0.975196662462901,0.7215019760149423,0.9981048,0.8315170802449243,0.9712,0.7285464098073555,0.9711906657757113,0.7564274049986498,0.99818368,0.8312536255236866,0.9376,0.5863397548161121,0.9373623175557041,0.6263375741215512,0.9973905599999999,0.8330970029004189,0.9756,0.7113835376532399,0.97559998438399,0.7424298704086125,0.99806464,0.8318030937802128,0.9298,0.5761821366024519,0.9294563083123502,0.6160584422329828,0.9973278400000001,0.8329721237512085,1.0,0.5859894921190894,1.0,0.6311337417859019,1.0,0.7357951981952949
18,0.5,0.995,0.5628721541155867,0.9949998749968748,0.6062380498882814,0.99999088,0.6817144698678698,0.9974,0.611908931698774,0.99739999490399,0.6523803519829132,0.99998448,0.8211440541411538,0.9878,0.6739054290718038,0.9877981838816889,0.7096319387430934,0.9999857600000001,0.8184740573638415,0.9538,0.5068301225919439,0.9537011779422472,0.5425939724792591,0.9999624,0.8267370286819208,0.9962,0.6423817863397548,0.9961999451272077,0.6812827438080034,0.9999816,0.8204705124073478,0.9428,0.4998248686514886,0.9426122364196071,0.5345659716664132,0.99995488,0.8272800515630034,1.0,0.5796847635726795,1.0,0.6223055503116275,1.0,0.7611811150499517
18,2.5,1.0,0.7859894921190893,1.0,0.742078413280269,1.0,0.4840920077344505,1.0,0.7422066549912434,1.0,0.7492125847245661,1.0,0.640146632291331,0.9994,0.8070052539404553,0.9993999997840001,0.7528892859230958,1.0,0.6520302932645827,0.9968,0.6192644483362522,0.9967999672316644,0.6589649192181373,1.0,0.6517330003222688,1.0,0.795446584938704,1.0,0.7569878864500363,1.0,0.6543175958749596,0.9934,0.6080560420315236,0.9933997124914761,0.6496036776932786,1.0,0.6552940702545923,1.0,0.7751313485113835,1.0,0.739589042759997,1.0,0.4490243312922977
18,0.05,0.9724,0.6690017513134852,0.9723999293438191,0.7045723454789808,0.9966361599999999,0.7263970351272963,0.9562,0.6928196147110333,0.9561814051410856,0.7265069721763392,0.9946952,0.843611827263938,0.955,0.7366024518388792,0.9549753463006204,0.7639003352895845,0.9951347199999999,0.8437536255236868,0.92,0.5901926444833625,0.9195052340916583,0.6302128407544797,0.9927265599999999,0.8437826297131807,0.9548,0.7176882661996498,0.9547999349119062,0.7481318805643578,0.99464368,0.844202384788914,0.9142,0.5817863397548161,0.9135873655301573,0.6216089337600126,0.99254944,0.8435731550112793,1.0,0.6052539404553415,1.0,0.6484633257658133,1.0,0.7587939091202063
19,0.05,0.9784,0.6567164179104478,0.9783997788137353,0.6892318867734807,0.99724336,0.709303984060816,0.9584,0.6817077403679278,0.9583893476730043,0.7118461099091598,0.99487872,0.8110699397869383,0.9588,0.6841374522735162,0.9587914549961081,0.7139487090021929,0.99514576,0.8105427997970842,0.9598,0.6862200624783061,0.9597944017725029,0.715752507919005,0.9950868800000001,0.8106832234206018,0.9592,0.7066990628254078,0.9591994712251471,0.7334058177737919,0.99379408,0.8127506120558461,0.9538,0.7129468934397779,0.9537986527687146,0.738607224929072,0.99332176,0.813682848467471,1.0,0.5796598403332176,1.0,0.6196675479960237,1.0,0.7227655366608585
19,0.0,0.9854,0.6716417910447762,0.9853999526958467,0.7025909045404746,0.9990928000000001,0.7461265871177868,0.966,0.6858729607775078,0.9659921428246782,0.7155140091262114,0.99693248,0.8142305741194116,0.969,0.6969802152030545,0.9689989571249176,0.7250986432945082,0.9971976,0.8136196210767772,0.967,0.6830961471711211,0.9669909040135101,0.7130601796243116,0.99712624,0.8137431350492953,0.9648,0.7007983339118362,0.9647972739008909,0.7283698004143362,0.99640096,0.8152686796503379,0.9638,0.7143353002429712,0.9637999290478608,0.7400899615203279,0.9960353599999998,0.8159634457457523,1.0,0.603956959389101,1.0,0.6415629647758505,1.0,0.7379702537182853
19,0.5,0.9964,0.5220409580006942,0.9963999631356226,0.5544946427479128,0.99996064,0.6958571355051207,0.9954,0.5838250607427976,0.9953999953999954,0.6185595805315593,0.99994512,0.7996559253622709,0.996,0.5848663658451927,0.9959999993599998,0.6198918053636401,0.99995392,0.7991596638655463,0.9962,0.587296077750781,0.996199999848,0.6223127152080573,0.99995152,0.7991170221369388,0.9948,0.6202707393266227,0.994799899326051,0.6549536335750813,0.99990144,0.7999316261937846,0.992,0.6303366886497744,0.99199948796723,0.6646396689957703,0.9998777600000001,0.8008315137078452,1.0,0.5508503991669559,1.0,0.5854335992340919,1.0,0.754365998367851
19,2.5,1.0,0.5098923984727525,1.0,0.5561082130204694,1.0,0.49326113647558767,1.0,0.30718500520652553,1.0,0.27170578955618446,1.0,0.5582963894219104,1.0,0.4574800416522041,1.0,0.49408345615119353,1.0,0.5648338075387636,1.0,0.45921555015619575,1.0,0.496108874525765,1.0,0.5649926112177154,1.0,0.5584866365845192,1.0,0.6004859134258612,1.0,0.5774506127910481,1.0,0.572717806317251,1.0,0.6128600868013677,1.0,0.5808443062264275,1.0,0.2693509198195071,1.0,0.21785032026343337,1.0,0.46877963783938775
20,0.0,0.978866084129242,0.766994266994267,0.9788671140828997,0.7836735294492503,0.997449814126394,0.6509646064660877,0.9668766510871774,0.7704750204750205,0.966877512985319,0.7903730781779562,0.9969840561751342,0.7615527745870531,0.9670798618167039,0.7925880425880426,0.9670523671873583,0.8017760987230018,0.997164312267658,0.7618325507661098,0.9402560455192034,0.6998361998361998,0.9401169649429679,0.7413569070456643,0.9963223461379596,0.7619007315156279,0.9520422678317415,0.8126535626535627,0.951907342905935,0.8101083456478704,0.9964832713754647,0.7625371971330498,0.9534647429384272,0.7631040131040131,0.9534630326585445,0.7869312714780548,0.9942506402313094,0.7645513841028018,1.0,0.6580671580671581,1.0,0.7033644472881397,1.0,0.6900415801812332
20,2.5,1.0,0.7053644553644554,1.0,0.7263057483556785,1.0,0.49115934143441553,1.0,0.5235462735462736,1.0,0.591712039612988,1.0,0.5669403972620224,0.9977646819752083,0.8427518427518428,0.9977645905611321,0.7848426662015998,1.0,0.5678868669770066,0.9939036781142044,0.43509418509418507,0.9939040482163102,0.49871998577690346,1.0,0.5731408150790293,0.9874009347693559,0.8515561015561015,0.9873963828025208,0.7876457650998743,1.0,0.5755415835398908,1.0,0.7766175266175266,1.0,0.7711247347187657,1.0,0.5817396502965695,1.0,0.8124488124488124,1.0,0.7700709328195765,1.0,0.5156580617858655
20,0.05,0.9745986588091852,0.7192874692874693,0.9746000434405949,0.7530955102447253,0.9971091284593143,0.6527547709731375,0.9707376549481813,0.7528665028665029,0.9707392502048985,0.7780158008206857,0.9975529120198264,0.7559038483498914,0.9709408656777078,0.7764127764127764,0.9709235157466188,0.7914145637177229,0.9976619578686492,0.7560882386527754,0.9394432026010974,0.6793611793611793,0.9392873790722224,0.7252000304544092,0.9971011978521274,0.7567179869549739,0.9550904287746393,0.8032350532350533,0.9549765550548032,0.8051740848407409,0.9969790995456423,0.7563827929253237,0.9577321682584841,0.7387387387387387,0.957725716847148,0.768657237169544,0.9952594795539033,0.7593464724019103,1.0,0.6402538902538902,1.0,0.6904395360676178,1.0,0.6884089367161732
20,0.5,0.9965454175980492,0.5415642915642915,0.9965455400185753,0.6040248148405022,0.9998151177199505,0.690196750162895,0.9947165210323105,0.6132268632268633,0.9947165865012638,0.6699431150069315,0.999910615448162,0.7261333790110769,0.9865880918512497,0.6705569205569205,0.9865827870025151,0.7166906679029056,0.9999063197026022,0.7241793120125748,0.951839057102215,0.5192465192465192,0.9517645081369929,0.5805002362444166,0.999890458488228,0.7303189381268096,0.9658605974395448,0.7303439803439803,0.965801949745801,0.760359908953338,0.9997957868649318,0.722488227905071,0.983539930908352,0.6031941031941032,0.9835404774000326,0.6612477400885505,0.9995340768277571,0.7282500050379864,1.0,0.561015561015561,1.0,0.6230740285346535,1.0,0.6957465960005106
21,2.5,1.0,0.5837671557027923,1.0,0.6454851339368589,1.0,0.5650588150373647,1.0,0.3547089446284903,1.0,0.3979589526074464,1.0,0.6018459627566051,1.0,0.5002366303833412,1.0,0.5683840128631412,1.0,0.6060720380360394,1.0,0.4919545669663985,1.0,0.5599527411985344,1.0,0.6057774067269458,0.9984,0.31140558447704686,0.9983999959039894,0.3374960953183005,1.0,0.6014246717630166,1.0,0.36559394226218644,1.0,0.4126265683783891,1.0,0.6023975452535986,1.0,0.4562233790818741,1.0,0.5241266388634961,1.0,0.5928762780030262
21,0.0,0.9792,0.7489351632749645,0.9791992511730423,0.7788306610532058,0.99794592,0.7415048350859128,0.9688,0.6997160435399905,0.9687938836011858,0.7428876627319246,0.99726672,0.7798227944758218,0.9714,0.706578324656886,0.9713984337782336,0.7483073066628435,0.99750832,0.779774672875261,0.9716,0.7025556081400852,0.9715964370570644,0.7451375547359412,0.9975907199999999,0.7795685671521045,0.9358,0.5934690014197823,0.9355342955740096,0.6521431013519812,0.9979776,0.7779215372763082,0.949,0.6197349739706578,0.9488690864541939,0.6758032166039927,0.99766528,0.7785625533139666,1.0,0.614529105537151,1.0,0.6717267994046513,1.0,0.7412683128793831
21,0.5,0.9956,0.5388073828679603,0.9955999655037296,0.5999811114711092,0.99987424,0.7060818893448335,0.9922,0.5783246568859441,0.992199999688,0.6390808916907856,0.99981376,0.7394855437718164,0.991,0.5922858495030762,0.9909996540267008,0.6519998989187125,0.99982752,0.7392553772483796,0.9916,0.5887363937529578,0.9915998064595409,0.6488086668166274,0.9998408000000001,0.739436968193892,0.961,0.48864174159962137,0.960940590638361,0.5484321917773995,0.999904,0.7421635562407588,0.975,0.5099384761003313,0.9749843652282678,0.5712321129304458,0.9998687999999999,0.7408910576900815,1.0,0.5754850922858495,1.0,0.6380704833930901,1.0,0.7237665775509101
21,0.05,0.9714,0.69380028395646,0.9713999713999714,0.7377421307040077,0.9956952,0.730453210142036,0.9524,0.6888310459062944,0.9523889999545496,0.7341224319070762,0.9935432000000001,0.781231940212997,0.9538,0.7025556081400852,0.953799850311515,0.7447924414575072,0.9938246399999999,0.781733131222611,0.955,0.7004259346900142,0.9549988749718744,0.7431310067615791,0.9939920000000001,0.7814221567284212,0.932,0.6074301940369143,0.9316952076232649,0.664855020195566,0.99480128,0.7782034572192161,0.9412,0.6341694273544723,0.9410573209934897,0.6885065777508739,0.99413056,0.7793701790441324,1.0,0.6105063890203503,1.0,0.6683665601984129,1.0,0.7461522013589359
22,0.05,0.9806178073894609,0.7501699524133243,0.980618227713542,0.7639585151054471,0.9980701182225846,0.7640587288817378,0.9729456894811226,0.748130523453433,0.9729434860057343,0.7652836654260052,0.9980836526701997,0.8295882749850777,0.9735513830002019,0.7464309993201903,0.9735495458439324,0.7638284916579108,0.9982879739094985,0.8292839903459372,0.9691096305269533,0.7229775662814412,0.9690952237281724,0.7437382481045924,0.9980683245006114,0.8293547089507695,0.9628507974964667,0.7134602311352821,0.962818219228066,0.7353416580077115,0.9982401956787607,0.8287428956997897,0.9501312335958005,0.6954452753229096,0.9500342641469978,0.7191746744180598,0.9978346514472075,0.8291626657670049,1.0,0.63256288239293,1.0,0.6601844024279593,1.0,0.759822100537202
22,2.5,1.0,0.5288919102651257,1.0,0.5613846818608099,1.0,0.6137550930371369,1.0,0.4374575118966689,1.0,0.44680444537174024,1.0,0.6463933511535568,1.0,0.5723997280761387,1.0,0.6054290759367329,1.0,0.6501232709625516,1.0,0.5241332426920462,1.0,0.5544286663244833,1.0,0.6503133677626969,1.0,0.5224337185588035,1.0,0.552193060903361,1.0,0.6501206757843926,1.0,0.5071380013596193,1.0,0.53447486105855,1.0,0.6513430046972725,1.0,0.5146159075458872,1.0,0.5505983070891477,1.0,0.5971998027664599
22,0.0,0.9757722592368262,0.743031951053705,0.9757725022003786,0.7582175811448043,0.997138524256013,0.7393033244232217,0.9654754694124773,0.7464309993201903,0.9654748501925331,0.763291687711669,0.9961673053403995,0.8264753587833804,0.9646678780537048,0.751869476546567,0.9646683274078908,0.7678275338988071,0.996479249898084,0.8262774764487583,0.9612356147789218,0.7290958531611149,0.9612235434419072,0.7486577922414701,0.9960256013045252,0.8264033425894688,0.9584090450232182,0.7250169952413325,0.9583819748931043,0.7453939719277295,0.996263350998777,0.8255871590584694,0.9473046638400969,0.7053025152957172,0.9472150181973935,0.7280721382637221,0.9955179779861394,0.8261749669114784,1.0,0.6247450713800136,1.0,0.6525691695762439,1.0,0.7511263073209976
22,0.5,0.9979810216030689,0.5774983004758668,0.9979810472819758,0.6044290607685726,0.9999903791275989,0.7198252147509926,0.9963658388855239,0.6230455472467709,0.9963658936997747,0.6509113865095496,0.9999629841011006,0.7950678639088574,0.9971734302442964,0.6352821210061182,0.9971734067371849,0.6629151640624535,0.9999709743171628,0.794615654114655,0.9923278820916617,0.6070700203942896,0.9923280059359382,0.6347321976684427,0.9999629841011007,0.795690057872473,0.9890975166565718,0.6002719238613188,0.9890973486673403,0.6276405894020907,0.9999665715450469,0.7956530765837073,0.9788007268322229,0.5805574439157036,0.9787954634953803,0.6065236886993639,0.9999429270281288,0.7966690888329484,1.0,0.5866757307953773,1.0,0.6146533851434302,1.0,0.7644687670308568
23,0.5,0.994,0.5432574430823117,0.9939998617568148,0.5837190210229184,0.99987232,0.7050161134386077,0.995,0.5859894921190894,0.9949999277989573,0.6262378246737735,0.9999064,0.8409055752497582,0.9918,0.6437828371278459,0.9917995010816459,0.6822409868252188,0.99989968,0.8394601998066387,0.9688,0.5047285464098074,0.9687695990785269,0.539767769607442,0.99987936,0.8442023847889141,0.9682,0.7138353765323993,0.9681678100162008,0.7443212539043504,0.9997883200000001,0.8398428939735739,0.9896,0.611908931698774,0.9895999184633607,0.6518062180658398,0.99955792,0.8475096680631646,1.0,0.615061295971979,1.0,0.6569171722894765,1.0,0.7771358362874637
23,0.0,0.9886,0.7211908931698774,0.9885998973990765,0.7464246176846157,0.9988827199999999,0.7722913309700291,0.9792,0.6896672504378284,0.9791968013001678,0.723642105531099,0.9986472000000001,0.8374363519174992,0.9788,0.7257443082311734,0.9787994267364989,0.7544913721553503,0.99869696,0.8374258781824041,0.9488,0.6066549912434326,0.9486675293730011,0.6466598173936811,0.9982889600000001,0.8382210763776992,0.9598,0.7646234676007005,0.9597412528257734,0.7851449778610947,0.9981952000000001,0.8388922010957138,0.9674,0.6952714535901926,0.9673896677423276,0.7286087958012839,0.99691072,0.8438768933290365,1.0,0.6028021015761821,1.0,0.6464039894788314,1.0,0.7368731872381566
23,0.05,0.9742,0.6767075306479859,0.9741993549838746,0.7121515717646021,0.99711984,0.7583628746374476,0.9684,0.6987740805604203,0.9683926974488186,0.7317592019150976,0.99760096,0.8433266194005801,0.9726,0.7334500875656742,0.9725964386331649,0.7613031982724274,0.9977272,0.843814050918466,0.9448,0.6161120840630473,0.9446480167384398,0.6557875463948658,0.99683152,0.8432782790847568,0.9512,0.773029772329247,0.9510891798200691,0.7930955954395928,0.99711584,0.84553738317757,0.9572,0.703677758318739,0.9571901092028303,0.7360783602654797,0.99492192,0.8485296487270384,1.0,0.6175131348511383,1.0,0.6594987575648056,1.0,0.7544964550435064
23,2.5,1.0,0.39824868651488615,1.0,0.45086057906483,1.0,0.4453174347405736,0.9998,0.2581436077057793,0.9997999999920001,0.19945704065837908,1.0,0.5126619400580084,1.0,0.4115586690017513,1.0,0.4548162081436188,1.0,0.5176031260070899,0.999,0.23467600700525393,0.9989999989999989,0.15199215861278256,1.0,0.5336327747341283,0.9912,0.553415061295972,0.9911993184752228,0.5994532969054489,1.0,0.5316330970029004,1.0,0.38984238178633973,1.0,0.4148398267040764,1.0,0.5620037060908799,1.0,0.3320490367775832,1.0,0.37604860220895325,1.0,0.4062205929745408
24,0.0,0.9782,0.6917736896910794,0.9781994549863746,0.7203642596658935,0.9980713600000001,0.7712660917385328,0.9762,0.6959389101006594,0.976196220912032,0.7245124649691635,0.9984443199999999,0.8252314048979171,0.9656,0.7608469281499479,0.965562951245468,0.7779628183170079,0.99852144,0.8241477168295138,0.897,0.5255119750086775,0.8958955559531064,0.555831597375326,0.99801504,0.8248358661049722,0.962,0.768136063866713,0.9619495847217729,0.7838540316337889,0.9982763200000001,0.825000551401663,0.9202,0.577924331829226,0.9196885736243832,0.6118422044198115,0.9972267199999999,0.8272642390289449,1.0,0.6074279763970843,1.0,0.6447738002928938,1.0,0.7520809898762655
24,2.5,1.0,0.7080874696286011,1.0,0.6827640250710328,1.0,0.497700287464067,1.0,0.5498090940645609,1.0,0.5922227069963635,1.0,0.585456229735989,0.9936,0.7719541825754946,0.9935997378452622,0.6936806576827242,1.0,0.5794136027114258,0.9338,0.409580006942034,0.9335086054528808,0.42626658625833735,1.0,0.6090826881933875,0.9922,0.7733425893786879,0.9921995254191265,0.6932355282883079,1.0,0.5853106596969496,0.9694,0.45990975355779246,0.9693713205296912,0.4921814027296377,1.0,0.6258805884558548,1.0,0.6577577230128427,1.0,0.6475870198798249,1.0,0.4689038870141232
24,0.5,0.9916,0.547726483859771,0.9915996559219066,0.582827181878029,0.99977664,0.700941794040451,0.9944,0.5668170774036793,0.9943999426554128,0.6016965837425752,0.9999304,0.7815361315129726,0.972,0.6581048247136411,0.9719780307761284,0.6904887851080672,0.99991376,0.7791790732040849,0.898,0.4186046511627907,0.8969276351157441,0.4236819487944571,0.99990048,0.785579743708507,0.9686,0.6688649774383895,0.9685690103013967,0.699931494542672,0.99987888,0.7797951726622407,0.928,0.4602568552585908,0.9276248069994854,0.4778369229400862,0.99976304,0.7877309453965313,1.0,0.5484206872613676,1.0,0.5886253349759766,1.0,0.7366182168405421
24,0.05,0.9796,0.7122526900381811,0.9795995299731705,0.7360978787372162,0.9972828800000001,0.7671710153877824,0.9676,0.6865671641791045,0.9675880516593638,0.7163355806246786,0.99752512,0.8238903960534345,0.9656,0.7441860465116279,0.9655656152007148,0.7643363080842788,0.9977049600000001,0.8209429703639987,0.8764,0.5071155848663659,0.8744824737725237,0.5339475176022171,0.9971631999999999,0.8266959277149178,0.9634,0.7493925720236029,0.963358138872173,0.7682499063042365,0.99727184,0.821810508980495,0.8978,0.5588337382853176,0.8967297859873353,0.5912152556456618,0.99603968,0.8285868678179933,1.0,0.6053453661922943,1.0,0.6428893111697791,1.0,0.7489196203415749
