seed,max_samples_per_class,Choquet_Weight_train_acc,Choquet_Weight_test_acc,Choquet_Weight_train_f1,Choquet_Weight_test_f1,Choquet_Weight_train_auc,Choquet_Weight_test_auc,Choquet_Power_train_acc,Choquet_Power_test_acc,Choquet_Power_train_f1,Choquet_Power_test_f1,Choquet_Power_train_auc,Choquet_Power_test_auc,Choquet_Weight_TN3_train_acc,Choquet_Weight_TN3_test_acc,Choquet_Weight_TN3_train_f1,Choquet_Weight_TN3_test_f1,Choquet_Weight_TN3_train_auc,Choquet_Weight_TN3_test_auc,Choquet_Weight_TN6_train_acc,Choquet_Weight_TN6_test_acc,Choquet_Weight_TN6_train_f1,Choquet_Weight_TN6_test_f1,Choquet_Weight_TN6_train_auc,Choquet_Weight_TN6_test_auc,Choquet_Power_TN3_train_acc,Choquet_Power_TN3_test_acc,Choquet_Power_TN3_train_f1,Choquet_Power_TN3_test_f1,Choquet_Power_TN3_train_auc,Choquet_Power_TN3_test_auc,Choquet_Power_TN6_train_acc,Choquet_Power_TN6_test_acc,Choquet_Power_TN6_train_f1,Choquet_Power_TN6_test_f1,Choquet_Power_TN6_train_auc,Choquet_Power_TN6_test_auc,LogisticRegression_train_acc,LogisticRegression_test_acc,LogisticRegression_train_f1,LogisticRegression_test_f1,LogisticRegression_train_auc,LogisticRegression_test_auc
0,5,1.0,0.5227713731309211,1.0,0.5687875850512611,1.0,0.5316340882298493,1.0,0.4959479511471293,1.0,0.5422597352090436,1.0,0.5396168003276143,1.0,0.4734619335692273,1.0,0.5181390288932289,1.0,0.5391286647235274,1.0,0.6689875584978884,1.0,0.6713264834871485,1.0,0.5312917281410857,1.0,0.4548567515123844,1.0,0.4956233777394627,1.0,0.541146922325452,1.0,0.6243579500057072,1.0,0.6471301630231446,1.0,0.5330960106875331,1.0,0.5405775596393105,1.0,0.5849253809229644,1.0,0.5639787018686353
0,500,0.992,0.6299509188448807,0.992,0.6656437406413305,0.99956,0.672707521744113,1.0,0.6032416390822966,1.0,0.6412205639709501,1.0,0.7072580018256,0.991,0.5653464216413652,0.9909992709409462,0.6041123455492735,1.0,0.7080701453507707,0.97,0.6678461362858121,0.9699729756781102,0.6979865086593996,1.0,0.7060448353874671,0.987,0.5461705284784842,0.9869978026286443,0.5847318333264901,1.0,0.7091886658935782,0.979,0.6486702431229312,0.9789907349140972,0.6820974392237856,1.0,0.7085109980774301,1.0,0.5535897728569797,1.0,0.595976673391788,1.0,0.6414392747608006
0,50,1.0,0.6073507590457711,1.0,0.644388013894574,1.0,0.6185659023135752,1.0,0.5559867595023399,1.0,0.5983931327411398,1.0,0.626144866722391,1.0,0.5211733820340144,1.0,0.5636663020759725,1.0,0.6262742935817902,1.0,0.6484419586805159,1.0,0.6758153456021003,1.0,0.6252635619714235,1.0,0.5043944755164935,1.0,0.5457848485064464,1.0,0.6289859265320253,1.0,0.6205912567058555,1.0,0.6550341163825844,1.0,0.63078916725236,1.0,0.547768519575391,1.0,0.5915209080013981,1.0,0.5538716261863795
0,5000,0.9933,0.5437735418331241,0.9932998117917132,0.5836293364297013,0.99912528,0.6546299954560354,0.9608,0.6434197009473804,0.9607582954861107,0.6778993276204425,0.9976931999999998,0.7338108636818614,0.9683,0.5921698436251569,0.96828248400179,0.6302595954516182,0.9974266,0.7338502126527378,0.8877,0.6942129893847734,0.8862708326541738,0.7206119826426477,0.9975634400000001,0.7342961142290206,0.9603,0.5820111859376783,0.9602635183335467,0.6202579006285384,0.9960784800000001,0.7349030981504381,0.9138,0.6680744207282274,0.9131903846850277,0.6994227960608741,0.99508032,0.7362728590673733,1.0,0.5305330441730396,1.0,0.5744513876510146,1.0,0.6577097937264437
0,2500,0.996,0.6136285812121904,0.9959999359989761,0.650769118022687,0.9989728,0.6550237255862076,0.9766,0.6334893277023171,0.9765932354450437,0.6689652973407959,0.9989112,0.7270215233260859,0.973,0.5634060038808355,0.9729857094402938,0.6018901075867267,0.9985881600000001,0.7288034466813431,0.928,0.6743522428946467,0.9276331405480198,0.7041485331576658,0.9984827199999999,0.7274602122600493,0.9664,0.5466270973633147,0.9663697327594835,0.5847363931017365,0.99798976,0.7302628847844501,0.9546,0.6423924209565118,0.9545377621964469,0.6769334052091184,0.99711248,0.7303193036754825,1.0,0.5430886885058783,1.0,0.5863075738402496,1.0,0.6568740889030292
1,5000,0.9863,0.29078710522009493,0.9862993477119446,0.2892568471841684,0.9991172799999999,0.32582395403096776,0.9302,0.24005891016200295,0.930179821968549,0.21572745228379603,0.9890926400000001,0.22217988474524542,0.9317,0.24971363115693013,0.9316795523732299,0.2363938698647383,0.9889462000000001,0.22254202663217193,0.9249,0.2330224185894289,0.9246762696900467,0.19813541858427292,0.98797828,0.22027999380904661,0.9274,0.2536409752904598,0.9273531311460902,0.24482694400526678,0.98731032,0.22192172776702757,0.9175,0.23727704140075273,0.9173850586582606,0.20835322990179297,0.9850018799999999,0.21849142930867607,1.0,0.3469153984617902,1.0,0.35825823176300503,1.0,0.2903453622851069
1,500,0.981,0.27982326951399117,0.980999980999981,0.2833281805197747,0.997856,0.29439162690407317,0.958,0.2374406807396498,0.957975794057377,0.22045277962617485,0.995772,0.20911810447065302,0.956,0.24169530355097366,0.9559998239992961,0.23119011031592407,0.99572,0.20946748894979816,0.955,0.22942235313369333,0.9549086900974474,0.1979382922830266,0.995264,0.2078576485112707,0.951,0.24562264768450334,0.9509960306784849,0.23963080743291726,0.9951920000000001,0.20912965834939842,0.955,0.22974963181148747,0.9549166408689668,0.20351350417873784,0.994016,0.20686630164433356,1.0,0.32106038291605304,1.0,0.33045008501535733,1.0,0.24947351622321035
1,5,1.0,0.28424153166421207,1.0,0.2799496606565826,1.0,0.25701952292590424,1.0,0.33611520209458357,1.0,0.354526182183176,1.0,0.22569912399935588,1.0,0.33906071019473083,1.0,0.3576238847271625,1.0,0.22566193495214407,1.0,0.29782359679266895,1.0,0.3062483988873934,1.0,0.22611915563291307,1.0,0.3442971690394371,1.0,0.36285671935775343,1.0,0.22542086808623718,1.0,0.30911471117656686,1.0,0.32279525012021715,1.0,0.2256606110702045,1.0,0.35182457862870237,1.0,0.36845315955718155,1.0,0.2327146151029896
1,50,1.0,0.23498609065619375,1.0,0.19166760678651767,1.0,0.2724762056291941,1.0,0.23989527082310588,1.0,0.21475412690484702,1.0,0.22366130863563377,1.0,0.2397316314842088,1.0,0.21339521981094686,1.0,0.22350846044806424,1.0,0.230895107183767,1.0,0.18420590431369033,1.0,0.22533301046661064,1.0,0.24120438553428244,1.0,0.21998635061289376,1.0,0.2235974012438232,1.0,0.2330224185894289,1.0,0.19256542663414936,1.0,0.22550318947229825,1.0,0.24774995909016528,1.0,0.22959350014457508,1.0,0.2403348795472035
1,2500,0.984,0.3009327442317133,0.9839994239792632,0.30578222333750343,0.998764,0.31433314020704073,0.931,0.24022254950090002,0.9309695575748905,0.21669275874688618,0.9903059199999998,0.22204183996481844,0.9372,0.24447717231222385,0.9371915484947655,0.22847552273500174,0.99031392,0.22255057168832743,0.93,0.2300769104892816,0.9297829337701397,0.1932252114327752,0.98948368,0.2201839521919754,0.9346,0.2475863197512682,0.9345836694672458,0.2356357414005215,0.9888961600000001,0.22186443978491494,0.9224,0.2341678939617084,0.9222706085458096,0.204272890611775,0.9869355200000001,0.21842896615170868,1.0,0.3559155621011291,1.0,0.3679610214175663,1.0,0.285523784261162
2,2500,0.9996,0.6802989412497406,0.9995999999359999,0.677290706822051,1.0,0.6920243842740234,0.9956,0.7247249325306208,0.9955999148143508,0.7265338760869514,0.99999856,0.818121658868476,0.9996,0.74444675108989,0.9996,0.7395862714481073,0.99999952,0.8191251955459857,0.9914,0.7238945401702305,0.9913993638969539,0.7250500871626522,0.9999939200000001,0.8268189767402263,0.9886,0.6383641270500311,0.9885985182634337,0.6283269806289447,0.99999856,0.8108432687839435,0.997,0.7589786173967199,0.9969999941199883,0.7517564762137299,0.9999745600000001,0.8359721251636202,1.0,0.5827278389038821,1.0,0.5849894686135095,1.0,0.6552949064039757
2,50,1.0,0.6570479551588125,1.0,0.6594688361846492,1.0,0.6876845936368183,1.0,0.6724102138260328,1.0,0.6744750145869841,1.0,0.7347497188749321,1.0,0.669919036744862,1.0,0.6721290970783623,1.0,0.7342837784628046,1.0,0.652480797176666,1.0,0.6489575960201207,1.0,0.7359746082872477,1.0,0.6097155906165663,1.0,0.5934536659825871,1.0,0.7287964299776875,1.0,0.672825410006228,1.0,0.6745987077288015,1.0,0.7414495411542268,1.0,0.6566327589786174,1.0,0.6586850263578299,1.0,0.7175480573104933
2,5000,0.9999,0.6317209881669089,0.9998999999989999,0.6342783536454067,0.99999984,0.6678960493503086,0.9782,0.7002283578991073,0.9781896348420623,0.7001334786063936,0.99996428,0.8292407317410598,0.9933,0.7645837658293544,0.9932997340664451,0.7596766193775041,0.9999237200000001,0.8358992277485519,0.9732,0.74444675108989,0.9731807373327818,0.7459418806452961,0.99986184,0.8450420889454884,0.9673,0.6535187876271539,0.9672649967884159,0.6472563874553536,0.99997476,0.8246217670617199,0.8782,0.6109611791571518,0.8763658578286946,0.5900262236954003,0.9999642799999999,0.8241006658318641,1.0,0.5640440107951007,1.0,0.5657308965593655,1.0,0.6472996030549515
2,500,1.0,0.6682582520240814,1.0,0.6696019833615603,1.0,0.7484592217890551,1.0,0.7378036122067677,1.0,0.7391552128727061,1.0,0.8115631972699828,1.0,0.7392567988374507,1.0,0.7338604501995188,1.0,0.8118769576769314,1.0,0.7232717458999377,1.0,0.7250718146704237,1.0,0.8146255981667453,0.999,0.6593315341498858,0.998999998999999,0.654436730188925,1.0,0.8046531963122067,0.999,0.7442391529997924,0.998999998999999,0.7359161095398101,1.0,0.821137589880207,1.0,0.6418932945816899,1.0,0.6442563172617644,1.0,0.7201698811293247
2,5,1.0,0.7733028856134524,1.0,0.7672981417991791,1.0,0.7921004742766129,1.0,0.7432011625493046,1.0,0.7222362774672554,1.0,0.8622237081549327,1.0,0.7494291052522317,1.0,0.7302076055565098,1.0,0.8614129682905113,1.0,0.7799460244965747,1.0,0.7776252604602779,1.0,0.8509998119920683,1.0,0.7679053352709155,1.0,0.7690355757606009,1.0,0.8241822541796291,1.0,0.7438239568195972,1.0,0.7230231899934088,1.0,0.8670335186216536,1.0,0.7608470002075981,1.0,0.7441896793310863,1.0,0.8756338173059526
3,5,1.0,0.4594594594594595,1.0,0.4631678057321364,1.0,0.4852175798186834,1.0,0.6027027027027027,1.0,0.5988525810345734,1.0,0.5316046511627907,1.0,0.46516516516516515,1.0,0.46824513692163305,1.0,0.5341927473393773,1.0,0.6057057057057057,1.0,0.5958056938886575,1.0,0.5284450137958218,1.0,0.44834834834834836,1.0,0.44365618894439857,1.0,0.5368975167520693,1.0,0.5822822822822823,1.0,0.5824016265461356,1.0,0.5284580212849823,1.0,0.6228228228228229,1.0,0.620989423544311,1.0,0.578963736696886
3,500,0.999,0.6951951951951952,0.998999998999999,0.7010209390634977,1.0,0.750135593220339,0.999,0.7810810810810811,0.998999998999999,0.7700480850013035,1.0,0.8355254237288137,0.998,0.7681681681681681,0.9979999919999679,0.7693637214557049,1.0,0.8363634213638155,0.986,0.7636636636636637,0.9859972554620706,0.7394035670015118,1.0,0.8393854946787545,0.997,0.7696696696696697,0.996999972999757,0.7723460759193792,1.0,0.8419105242412299,0.996,0.7858858858858859,0.995999935998976,0.7718134682577992,1.0,0.848451714623571,1.0,0.6039039039039039,1.0,0.610921346256242,1.0,0.7211462357114702
3,5000,0.9983,0.7126126126126127,0.9982999950869856,0.707356057095044,0.99996684,0.7293673630271974,0.9682,0.7894894894894895,0.9681678100162008,0.7700588890386366,0.99979688,0.8674394954670872,0.9667,0.8177177177177177,0.9666630329706309,0.8183651837116147,0.9990085599999999,0.8766716594402838,0.9363,0.7966966966966967,0.9360437342784429,0.7782518401324455,0.99899924,0.8799909341742215,0.9596,0.818018018018018,0.959533952936625,0.8195503866235574,0.9982583199999999,0.8810567599527,0.9597,0.8273273273273273,0.9596708174001789,0.8171638628700837,0.9970133999999999,0.8893330705557745,1.0,0.6204204204204204,1.0,0.6261838275062138,1.0,0.7460784391013007
3,50,1.0,0.5261261261261261,1.0,0.5351847059861465,1.0,0.5617433977138353,1.0,0.5711711711711712,1.0,0.5784371784498965,1.0,0.5681809223492313,1.0,0.5297297297297298,1.0,0.5380876185396611,1.0,0.5684978320851399,1.0,0.5930930930930931,1.0,0.5721090861135674,1.0,0.5641623965313363,1.0,0.5201201201201201,1.0,0.5256847464040275,1.0,0.5729865983445013,1.0,0.5882882882882883,1.0,0.5791523661223631,1.0,0.5676231769806859,1.0,0.593993993993994,1.0,0.5975307695994064,1.0,0.5919992116673236
3,2500,0.9986,0.6708708708708708,0.9985999985999986,0.6778988781129087,0.99998864,0.7164982262514782,0.9806,0.8036036036036036,0.9805926958670165,0.7899495388051995,0.99995968,0.8651083957430036,0.9842,0.8069069069069069,0.9841960547030961,0.8069986281102507,0.99984416,0.8695810011824991,0.931,0.7984984984984985,0.930669919486676,0.7787078714711257,0.99991184,0.8717150177374853,0.978,0.8069069069069069,0.9779893468438724,0.8079185631994735,0.999656,0.8744678754434372,0.9596,0.8198198198198198,0.959533952936625,0.8081753316146358,0.9995748799999999,0.8811907765076863,1.0,0.624024024024024,1.0,0.6295404398300738,1.0,0.7365719353567205
4,2500,0.9984,0.5357726233257105,0.9983999997439998,0.5376325490955778,0.9999265599999999,0.5237355813818058,0.987,0.6716759229010127,0.9869978026286442,0.6554449116133655,0.99997872,0.6669795716504607,0.9638,0.6089513230970272,0.9637524998258717,0.610676157665574,0.9999281600000001,0.6626871236991628,0.8484,0.6537079385821627,0.8448338854626792,0.5998294688335614,0.9999768,0.6757961041591156,0.981,0.6321463573995426,0.9809931385230067,0.6328075018016709,0.99990448,0.6678943841378033,0.8474,0.658608297941849,0.8437617165914533,0.6076885613752501,0.9999703999999999,0.6789151584211857,1.0,0.5494936295328324,1.0,0.5496305954449711,1.0,0.5203392585368737
4,50,0.99,0.6671022541653054,0.98999899989999,0.6665754874335328,1.0,0.6843614435002247,1.0,0.7056517477948383,1.0,0.6965923043852494,1.0,0.7335388076060247,1.0,0.6612218229336818,1.0,0.6618872850741934,1.0,0.7293045947489328,0.99,0.6837634759882392,0.98999899989999,0.6381596134519665,1.0,0.7402806062360225,1.0,0.6739627572688663,1.0,0.6727719724401522,1.0,0.7312780690981123,1.0,0.6922574322116956,1.0,0.6916573787856588,1.0,0.7467368790683081,1.0,0.6429271479908527,1.0,0.6355637833176805,1.0,0.6583081922870659
4,500,0.999,0.5890231950343026,0.998999998999999,0.5897337552893149,1.0,0.5954308049741462,0.999,0.6602417510617445,0.998999998999999,0.6479566696449652,1.0,0.6780016497046091,0.989,0.6167918980725253,0.9889986688389295,0.6184726359017291,1.0,0.6738830378554189,0.912,0.6481541979745181,0.911313209494324,0.5910796954534064,1.0,0.6843836076032435,0.997,0.6377000980071872,0.996999972999757,0.6385919376284106,1.0,0.6771654980534703,0.981,0.6622018948056191,0.9809931385230068,0.6632416120056197,0.999904,0.698854159332956,1.0,0.583796145050637,1.0,0.5826174537724507,1.0,0.5656996164306407
4,5000,0.9983,0.5472067951649787,0.9982999979429975,0.5491371871240612,0.99997772,0.5399492746254049,0.9936,0.6739627572688663,0.9935997846967574,0.6630910527497577,0.9999213600000001,0.6601647618575778,0.9565,0.5998039856256125,0.9564175310731731,0.6012011787572441,0.99984136,0.6534060142076246,0.8533,0.6710225416530545,0.8500734471479929,0.6278374649154833,0.9999032,0.6734432325170858,0.9714,0.6213655668082326,0.9713765871932606,0.6229468851502464,0.99980236,0.6583173186824266,0.9364,0.644233910486769,0.9361655770184192,0.6457537007929895,0.9965748400000001,0.6820203057950872,1.0,0.5579875857562888,1.0,0.5592932010671116,1.0,0.5234013814755034
4,5,1.0,0.6742894478928455,1.0,0.6419083020586165,1.0,0.7025003715746684,1.0,0.6383534792551454,1.0,0.63396203914517,1.0,0.7693820734996424,1.0,0.6716759229010127,1.0,0.6704171340192622,1.0,0.7598736733045982,1.0,0.6772296635086573,1.0,0.620518566244184,1.0,0.7750517379698898,1.0,0.6592616791898073,1.0,0.6571090676764381,1.0,0.764407318847571,1.0,0.6615485135576609,1.0,0.65957382306785,1.0,0.771810563846089,1.0,0.6324730480235218,1.0,0.6274149485032989,1.0,0.7734685256699426
5,50,0.99,0.5481109462390138,0.98999899989999,0.5881243329892742,0.9995999999999999,0.6981663860414534,1.0,0.6043830612943728,1.0,0.6425102325626435,1.0,0.7152714878639279,1.0,0.6242438077844995,1.0,0.6606009673915388,1.0,0.7148045894844484,1.0,0.6565460563862573,1.0,0.6887847277918296,1.0,0.7151733157879131,1.0,0.5648898527565347,1.0,0.6047031996712147,1.0,0.7159526017202953,1.0,0.593082981394818,1.0,0.6319691221192548,1.0,0.7165046894196148,1.0,0.599132519118822,1.0,0.6379205577287425,1.0,0.6725483627702636
5,5000,0.9936,0.5953658258189705,0.9935997992897057,0.6339947891124857,0.99957484,0.6614490679262611,0.9646,0.6474146786896473,0.9645676843107988,0.6813673558890928,0.99823536,0.7298385409946554,0.9726,0.6165962789635886,0.9725996448913978,0.6535066593266627,0.99789704,0.7306416286466919,0.9613,0.6460449720351558,0.9612585741807858,0.680174484085821,0.9978388000000001,0.7306830612697937,0.9571,0.5651181371989499,0.9570551961155553,0.6034425051487565,0.9957063599999999,0.732482855949909,0.9556,0.5923981280675722,0.9555942290260042,0.6305290311942068,0.99438748,0.7332267197944558,1.0,0.5372674352242894,1.0,0.5811177150322223,1.0,0.6524429620238354
5,2500,0.9944,0.5289350530761329,0.9943999103985663,0.5678587762976061,0.9995712,0.633874014372392,0.978,0.6480995320168931,0.9779925491574428,0.682034100963613,0.99893184,0.7278129906099411,0.98,0.6135144389909828,0.9799999871999918,0.6505703789891409,0.9987460799999999,0.7285930779470255,0.9758,0.6443328387170414,0.9757901214011366,0.6786699866276821,0.99867968,0.7285982069371193,0.9614,0.5606665905718525,0.9613628697177988,0.5990093993955613,0.99743952,0.7304557027557903,0.9622,0.58817486588289,0.9621863492720873,0.6263769774268008,0.99659312,0.7311471547328157,1.0,0.5425179773998402,1.0,0.585942924630297,1.0,0.6586552909940544
5,5,1.0,0.6074649012669786,1.0,0.644238005367862,1.0,0.5978727513585813,1.0,0.6389681543202831,1.0,0.6698517667596511,1.0,0.5817922454478209,1.0,0.6389681543202831,1.0,0.6698517667596511,1.0,0.5817681231662859,1.0,0.6389681543202831,1.0,0.6698323744395827,1.0,0.5818460998438063,1.0,0.6177377011756648,1.0,0.6525331993828818,1.0,0.5848005584187965,1.0,0.6360004565688848,1.0,0.6675181414604708,1.0,0.5851612706752396,1.0,0.6389681543202831,1.0,0.6698517667596511,1.0,0.6130535202102244
5,500,0.994,0.5752767948864285,0.994,0.6148552375974194,0.99976,0.6456227675870265,1.0,0.611003310124415,1.0,0.6484924617926974,1.0,0.7152551392080038,0.999,0.5967355324734619,0.998999998999999,0.6350714725478945,1.0,0.7152966519715758,0.998,0.6258417988814062,0.9979999919999679,0.6620602470648437,1.0,0.7152438394017033,0.988,0.5398927063120649,0.9879982717511321,0.5779817542499174,0.999992,0.7185623761328856,0.993,0.5725373815774455,0.9929996569831921,0.6113039558663672,0.999972,0.7196252791893631,1.0,0.5591827416961535,1.0,0.6010679493064096,1.0,0.6459248971597416
6,500,0.982,0.3014236622484045,0.9819974076266983,0.3081438391691076,0.998944,0.3154478488001658,0.985,0.25445917198494516,0.9849996249906248,0.24862944359672173,0.999088,0.22726708162743126,0.961,0.28767795778105054,0.960940590638361,0.29774830434798205,0.998904,0.2285918060373349,0.923,0.23547700867288496,0.9225407440716006,0.19211122236923261,0.999336,0.22431879654798986,0.981,0.2575683194239895,0.9809995249881247,0.2534270961898626,0.999184,0.22826336296341584,0.963,0.25936835215185733,0.9629836758010283,0.25980815933537393,0.9966119999999999,0.2205884583009684,1.0,0.3550973654066438,1.0,0.3684075399075503,1.0,0.30003762231766473
6,5,1.0,0.27245949926362295,1.0,0.2806148525330653,1.0,0.24430941383562538,1.0,0.3128784159711995,1.0,0.3318553257415235,1.0,0.2089600811082288,1.0,0.3539518900343643,1.0,0.36991409469841535,1.0,0.20811833290046405,1.0,0.23073146784486992,1.0,0.17968524905008074,1.0,0.2086273053297802,1.0,0.3122238586156112,1.0,0.33125337611793904,1.0,0.2087693217560259,1.0,0.32547864506627394,1.0,0.34455605068134626,1.0,0.20806285021190538,1.0,0.3523154966453936,1.0,0.3697661193139152,1.0,0.23130889318896442
6,5000,0.9838,0.3100965472099493,0.9837985068703933,0.31777198342504603,0.9981186799999999,0.3292286173208529,0.921,0.2387497954508264,0.9209726597013503,0.21775943843764836,0.98631684,0.21606980853537977,0.9251,0.26804123711340205,0.9249039083344822,0.26959913329547797,0.9860334,0.21768241709069,0.899,0.22402225495009,0.8979715367660476,0.17293600427788935,0.98528628,0.2131003413449052,0.9215,0.24447717231222385,0.9214992456077503,0.2293495524187155,0.98654788,0.216587446373755,0.8995,0.24774995909016528,0.8994827502347678,0.23677328451858728,0.9747976800000001,0.21036050749449564,1.0,0.3539518900343643,1.0,0.3662357487681748,1.0,0.2763190738410798
6,2500,0.9876,0.31516936671575846,0.9875987598759876,0.3281268648482575,0.99864432,0.3218236642211759,0.9368,0.23907707412862053,0.9367795165633664,0.2223493718920128,0.99032208,0.21599880032225693,0.931,0.27491408934707906,0.9307782439511922,0.2816974933425467,0.9901076799999999,0.21748840821008997,0.9086,0.226313205694649,0.9078300156374346,0.17918961619991813,0.98874752,0.2124158943821431,0.9366,0.24971363115693013,0.9365879238042093,0.24065758317457653,0.9904016,0.2164614368836878,0.913,0.25069546719031255,0.9129365307309029,0.24479013446672077,0.9811252799999999,0.21080424865006167,1.0,0.35477008672884963,1.0,0.36790380350248525,1.0,0.2782567555890083
6,50,1.0,0.24218622156766487,1.0,0.21422103616141452,1.0,0.2711585820406027,1.0,0.25675012272950415,1.0,0.2471445723995169,1.0,0.22705056675385835,1.0,0.27720504009163804,1.0,0.28415819573903683,1.0,0.22814698170563652,0.98,0.24218622156766487,0.9799919967987194,0.1868859348429221,1.0,0.22471355407179144,1.0,0.2569137620684012,1.0,0.24745732373736648,1.0,0.22793841012370109,1.0,0.2662412043855343,1.0,0.26339920163946695,1.0,0.22230625529402334,1.0,0.2778595974472263,1.0,0.2710884283693454,1.0,0.25817828068174625
7,500,1.0,0.6622379074112518,1.0,0.6589268981816344,1.0,0.6935828990823085,0.999,0.7072866929624247,0.998999998999999,0.7093322347196854,1.0,0.7830386693295212,1.0,0.7214033630890596,1.0,0.7204972378310177,1.0,0.7840558631869827,1.0,0.7209881669088645,1.0,0.7214373990570263,1.0,0.7839760484989517,1.0,0.728461698152377,1.0,0.7249472161679934,1.0,0.7924539646616034,1.0,0.7286692962424746,1.0,0.7229122572482785,1.0,0.7932455490008975,1.0,0.5642516088851982,1.0,0.5673203969713673,1.0,0.6375405724664157
7,50,1.0,0.5567780776416857,1.0,0.5558898599214541,1.0,0.5873977928578269,1.0,0.6209258874818352,1.0,0.6211900831437001,1.0,0.6508877166968781,1.0,0.6194727008511521,1.0,0.6199026800890496,1.0,0.6500485982767121,1.0,0.624870251193689,1.0,0.6241700324611913,1.0,0.6509434096125262,1.0,0.6369109404193481,1.0,0.6325886584600561,1.0,0.6561671922611678,1.0,0.6398173136807142,1.0,0.6328113110164705,1.0,0.6581522722354852,1.0,0.5806518580029064,1.0,0.5818902542384375,1.0,0.588630841104919
7,5,1.0,0.49117708117085324,1.0,0.46296912850718525,1.0,0.4664748158054366,1.0,0.47934399003529166,1.0,0.4624006515631848,1.0,0.43072262444883525,1.0,0.46356653518787627,1.0,0.45324831549532313,1.0,0.4262480356718446,1.0,0.45131824787211955,1.0,0.44636846857260776,1.0,0.4227663416139594,1.0,0.46668050653933985,1.0,0.454471287248416,1.0,0.4277377324824497,1.0,0.4805895785758771,1.0,0.4631176464006219,1.0,0.4338031166748846,1.0,0.4920074735312435,1.0,0.47651883189090466,1.0,0.5004813712518136
7,5000,0.9998,0.646668050653934,0.9997999999920001,0.6478964815758552,0.99999984,0.6854428650989879,0.9777,0.7324060618642309,0.9776889049155255,0.7337601219772482,0.9999381599999999,0.8373389073546574,0.995,0.7726800913431596,0.994999996799998,0.7697519990885529,0.99991664,0.8436788540739191,0.9938,0.7693585219015985,0.9937999283271715,0.7682428839104412,0.99991676,0.8438349361305131,0.991,0.7726800913431596,0.9909999294394469,0.767405537360174,0.99978036,0.8528445954814244,0.9877,0.7697737180817936,0.9876984843302543,0.7623440768709849,0.9997312400000001,0.8535512215194588,1.0,0.5758771019306622,1.0,0.5781830572048419,1.0,0.6622792237046076
7,2500,0.9998,0.6518580029063733,0.9997999999920001,0.6529513548243255,0.9999998400000001,0.6791752836968744,0.98,0.7301224828731576,0.9799919967987194,0.7313448015733057,0.9999622399999999,0.8294243055235311,0.996,0.7645837658293544,0.9959999993599998,0.7637975185808408,0.99996096,0.8333581054476186,0.9956,0.759393813576915,0.9955999549435386,0.7597736639765628,0.99995808,0.8334792464074523,0.9932,0.7695661199916961,0.9931999902079859,0.7669195448203378,0.99988928,0.8426471162066383,0.9902,0.7558646460452564,0.9901990587175993,0.7476524189317072,0.99990464,0.8402720084568096,1.0,0.5804442599128088,1.0,0.5832141256876954,1.0,0.6681390407338695
8,500,1.0,0.7192192192192193,1.0,0.7075809208086157,1.0,0.7050461174615688,1.0,0.7768768768768769,1.0,0.7699674395271615,1.0,0.8214576271186439,0.993,0.7294294294294295,0.9929996569831921,0.7351978872091444,1.0,0.8217654710287742,0.951,0.7483483483483484,0.9508820678448956,0.7104383795560266,1.0,0.8230134016554986,0.957,0.6432432432432432,0.956920345719235,0.6459949528649924,1.0,0.8250390224674814,0.999,0.7996996996996997,0.998999998999999,0.7910362438132343,1.0,0.8424103271580606,1.0,0.6648648648648648,1.0,0.6646060818364837,1.0,0.7175053212455655
8,50,1.0,0.5891891891891892,1.0,0.5953685345577239,1.0,0.6637729601892,1.0,0.6807807807807807,1.0,0.6814051951035073,1.0,0.7229144659046118,1.0,0.6273273273273273,1.0,0.6353347261914208,1.0,0.722657863618447,1.0,0.7084084084084085,1.0,0.6628967998900862,1.0,0.7198829325975561,1.0,0.5690690690690691,1.0,0.5689556323523237,1.0,0.727985810011825,1.0,0.7246246246246246,1.0,0.7098783221039444,1.0,0.7383914071738273,1.0,0.615015015015015,1.0,0.6204589131854052,1.0,0.651044540796216
8,2500,0.9974,0.7108108108108108,0.9973999874159392,0.7160221944810675,0.9998934400000001,0.7589219550650375,0.9846,0.8048048048048048,0.9845963468696236,0.7926965891366277,0.9999776,0.8724990145841545,0.972,0.8021021021021021,0.9719780307761284,0.8043513734651172,0.9999312,0.873815924320063,0.8636,0.7624624624624624,0.8610141742717591,0.7285987866048289,0.99996176,0.8758687426093812,0.9288,0.7342342342342343,0.928437216764153,0.7398176270617252,0.9997225599999999,0.8769404808829326,0.9594,0.8264264264264264,0.9593355859415548,0.8157336366253564,0.99903632,0.8941340165549863,1.0,0.6456456456456456,1.0,0.6485252271117757,1.0,0.7475593220338983
8,5,1.0,0.5072072072072072,1.0,0.5090427483274871,1.0,0.41716515569570356,1.0,0.2594594594594595,1.0,0.19061685563036465,1.0,0.26903350413874655,1.0,0.2810810810810811,1.0,0.1797774580609506,1.0,0.2792230981474182,1.0,0.34984984984984985,1.0,0.36289078110902495,1.0,0.23435632636972803,1.0,0.3045045045045045,1.0,0.17864801458925234,1.0,0.3013480488766259,1.0,0.25045045045045045,1.0,0.22683432372400822,1.0,0.2655995270003942,1.0,0.2924924924924925,1.0,0.26180422035006984,1.0,0.3408707134410721
8,5000,0.9977,0.6822822822822823,0.9976999878329356,0.6888189024417132,0.99992452,0.7174012613322822,0.9711,0.7933933933933934,0.9710758422542091,0.7757641049411622,0.99979764,0.8589905400078834,0.9512,0.7792792792792793,0.9510835083100299,0.782913210090823,0.9995090799999999,0.8648257784785179,0.8448,0.7603603603603604,0.8409694241584824,0.7247721943062446,0.9994551199999999,0.8669377217185652,0.9099,0.6975975975975977,0.9091625809235633,0.7031958914759014,0.9990332000000001,0.867870319274734,0.944,0.8273273273273273,0.9438873797266064,0.8168735091283069,0.99542068,0.8897887268427276,1.0,0.6198198198198198,1.0,0.6244034100034707,1.0,0.7388064643279464
9,2500,0.9974,0.5586409670042469,0.9973999874159392,0.558581969615571,0.9997638400000001,0.5552759691579987,0.9674,0.6863770009800719,0.9673702403540124,0.6718633481566514,0.9993399999999999,0.6836439349887745,0.9856,0.6798431885004901,0.9855999423997694,0.6741584754060483,0.99917424,0.685509630954647,0.9882,0.6778830447566155,0.988199863590423,0.6733003589705423,0.99930944,0.6845196343531429,0.9506,0.6929108134596537,0.950484964689365,0.6767247596598379,0.9992116799999999,0.6863040619412799,0.9834,0.6827834041163019,0.9833998505986554,0.677312657528668,0.9990566399999999,0.6870689407905544,1.0,0.5700751388435152,1.0,0.5712430657267712,1.0,0.5578191913318366
9,50,1.0,0.6246324730480235,1.0,0.6262945814566706,1.0,0.6601260833248589,1.0,0.6527278667102254,1.0,0.6510025688812721,1.0,0.6927399090315678,1.0,0.6504410323423718,1.0,0.6475964488988168,1.0,0.6927642460858628,1.0,0.6488075792224763,1.0,0.6439093319605549,1.0,0.6931475546910106,1.0,0.6484808885984972,1.0,0.6397422112075679,1.0,0.692480893239427,1.0,0.6507677229663509,1.0,0.6485125119897849,1.0,0.6931923174873035,1.0,0.6292061417837308,1.0,0.629055190084918,1.0,0.6570626566154633
9,5000,0.9971,0.5191114015027769,0.9970999934749852,0.5208773836037388,0.9997562799999999,0.5089938453328049,0.977,0.6674289447892845,0.9769898525249635,0.6495481976320129,0.9994472000000001,0.6512300207994897,0.9846,0.6520744854622672,0.9845994455800408,0.646894821280547,0.99922756,0.6512295862092343,0.9856,0.6448872917347273,0.9855989838643014,0.6411218634759916,0.9993436400000001,0.6496385512846923,0.9675,0.672329304148971,0.9674689390176634,0.6545373938202718,0.99929788,0.6551504594922769,0.9807,0.6625285854295981,0.9806987954118216,0.653772495283064,0.9990166399999999,0.6554524997196892,1.0,0.5452466514211042,1.0,0.5463526918626176,1.0,0.5165392013447961
9,500,1.0,0.583469454426658,1.0,0.5834137759140291,1.0,0.6015785187251903,1.0,0.6661221822933682,1.0,0.6546179173284487,1.0,0.66264236090287,1.0,0.6524011760862464,1.0,0.6463711827873884,1.0,0.6611621464934216,1.0,0.6484808885984972,1.0,0.6440571193107735,1.0,0.6598505531030179,1.0,0.6821300228683437,1.0,0.6652081683756107,1.0,0.6653450777003918,1.0,0.6622018948056191,1.0,0.6522915054577478,1.0,0.664820092672026,1.0,0.5511270826527279,1.0,0.5453980365089074,1.0,0.5352639570833431
9,5,1.0,0.5890231950343026,1.0,0.53790970248665,1.0,0.5684992468550876,1.0,0.6056844168572362,1.0,0.604315077035568,1.0,0.6372370837603182,1.0,0.5968637700098007,1.0,0.5909768943655993,1.0,0.6376334300731241,1.0,0.5828160731786998,1.0,0.5707380199540794,1.0,0.6374991416842458,1.0,0.5890231950343026,1.0,0.5658945462500612,1.0,0.6386673202904106,1.0,0.6037242731133616,1.0,0.6003481539135193,1.0,0.6374495983951451,1.0,0.5625612544919961,1.0,0.5459171174767,1.0,0.5993360330079991
10,5,1.0,0.7077959137084807,1.0,0.7257107767456126,1.0,0.6712926417424462,1.0,0.5926264125099875,1.0,0.6319104936608624,1.0,0.6946142398395908,1.0,0.5658029905261956,1.0,0.6064163634163118,1.0,0.6939087632802777,1.0,0.7292546512955143,1.0,0.7400495146330552,1.0,0.695734523472743,1.0,0.6982079671270403,1.0,0.7191748493482337,1.0,0.6922171582349541,1.0,0.6482136742381007,1.0,0.6806020149898644,1.0,0.6975039449146463,1.0,0.60643762127611,1.0,0.6445083077858396,1.0,0.6956329854969792
10,5000,0.9928,0.5440018262755393,0.9927998053067355,0.5851978962034782,0.99930924,0.6510782499565237,0.9663,0.6515237986531218,0.9662780723165239,0.6851373280240283,0.99822904,0.7337903477214863,0.9557,0.5530190617509416,0.9556152388655091,0.5911240796074089,0.9978102,0.7347550787019488,0.8668,0.712589886999201,0.8643940466298784,0.7356082705202812,0.9975371199999999,0.7348574180824148,0.951,0.6856523227942016,0.9508839899488998,0.7141285410345393,0.9989288,0.7308060768915755,0.9372,0.6369135943385458,0.9370963120769753,0.6720566284973637,0.99189744,0.738750401704107,1.0,0.545942244036069,1.0,0.5891277936155346,1.0,0.6625859406367481
10,50,1.0,0.6835977628124643,1.0,0.7067728517102948,1.0,0.6482649988900545,1.0,0.6285812121903892,1.0,0.6641989678016484,1.0,0.6906298159413822,1.0,0.5753909371076361,1.0,0.6152843093617326,1.0,0.6905801288498481,1.0,0.7264010957653236,1.0,0.7389463804975872,1.0,0.6903240800475073,1.0,0.7044857892934596,1.0,0.7247357927868314,1.0,0.6862535852842863,1.0,0.6543773541833124,1.0,0.6864316489473223,1.0,0.6965242276662534,1.0,0.5997032302248602,1.0,0.638293834433301,1.0,0.6410699874740445
10,2500,0.991,0.5218582353612601,0.9909996972298147,0.5602705295234852,0.99930096,0.6284331175684741,0.9694,0.6363428832325077,0.9693742437389845,0.6715414749484955,0.9987952,0.7278823121166782,0.9614,0.5421755507362174,0.9613447678581064,0.5802384360008738,0.99843632,0.7291380331444957,0.8704,0.7104211847962562,0.8681860314947509,0.7335840772541329,0.9984891199999999,0.7272113761000281,0.9478,0.6840543316972948,0.9476573747209346,0.7126384066466557,0.99937984,0.7244061390805805,0.9404,0.6291519232964273,0.9402669242645536,0.6650233676800504,0.9938505599999999,0.7319041616144778,1.0,0.5333865997032302,1.0,0.5770556243148348,1.0,0.6530273463326518
10,500,0.996,0.6171669900696267,0.9959999839999361,0.6542251582231501,0.999964,0.6509162059257467,0.999,0.6031274968610889,0.998999998999999,0.6410784899076573,1.0,0.7108434864630724,0.984,0.5452573907088232,0.9839959029511556,0.5833926795592658,1.0,0.7113056565548093,0.923,0.6890765894304303,0.9225407440716006,0.7149058454110772,1.0,0.7097873953465634,0.997,0.6687592740554731,0.996999972999757,0.699073199721367,1.0,0.7062955949187737,0.995,0.6141992923182286,0.994999954999595,0.6513875673659083,0.9999,0.7152492088132079,1.0,0.5664878438534414,1.0,0.6075690877386236,1.0,0.6467723024918077
11,50,1.0,0.2600229095074456,1.0,0.25949741377681923,1.0,0.23361702117416774,1.0,0.24300441826215022,1.0,0.23727129693799576,1.0,0.21940767596376798,1.0,0.24104074619538537,1.0,0.23349251472136517,1.0,0.219371449739785,1.0,0.23171330387825234,1.0,0.21521735797196687,1.0,0.21865992337371332,1.0,0.2559319260350188,1.0,0.2580548911654518,1.0,0.21962106166184733,1.0,0.2570774014072983,1.0,0.25953916981722314,1.0,0.2192287111961177,1.0,0.25445917198494516,1.0,0.2513982589068764,1.0,0.24033933260463664
11,5,1.0,0.39846179021436756,1.0,0.41546623223079626,1.0,0.3042860798146758,1.0,0.3598429062346588,1.0,0.3774371255392904,1.0,0.29404729724687917,1.0,0.3706431026018655,1.0,0.3884285906198901,1.0,0.2922511505135819,1.0,0.3333333333333333,1.0,0.3477283217551664,1.0,0.2914296215936217,1.0,0.3040418916707576,1.0,0.293035645141404,1.0,0.31365398877203693,1.0,0.41744395352642777,1.0,0.42856463520052623,1.0,0.2855767395387451,1.0,0.34118802160039274,1.0,0.35818670106606515,1.0,0.2713594510367079
11,500,0.994,0.26755031909671084,0.9939999039984639,0.263855858631684,0.999812,0.3031436900537231,0.989,0.23842251677303225,0.9889999009991091,0.22484895747571665,0.99956,0.21315558332765672,0.989,0.2369497627229586,0.988999988999989,0.22210859741200056,0.999624,0.21330879257393698,0.982,0.2318769432171494,0.9819974076266983,0.21281657332311218,0.9995959999999999,0.21283051013503837,0.938,0.2235313369333988,0.9377607523319641,0.17265539125224347,0.999924,0.21431578531834183,0.96,0.26362297496318116,0.9599358974358975,0.2674597997543457,0.999228,0.21296662926900775,1.0,0.284077892325315,1.0,0.28954496486711573,1.0,0.24649791103465227
11,2500,0.9834,0.29389625265913927,0.9833979911569298,0.299997531210557,0.99697072,0.3057832699354355,0.9126,0.2387497954508264,0.9125504650854429,0.2192822743058615,0.98387552,0.21293894810118022,0.9144,0.24594992636229748,0.9143986303780861,0.2361051428336503,0.98292688,0.21302331548660244,0.9134,0.24054982817869416,0.9133871085372346,0.2257786833774597,0.98247872,0.21239362909497744,0.9138,0.22942235313369333,0.9131547012181193,0.18533389752803084,0.98858,0.21514622035316838,0.914,0.22876779577810505,0.9133651955996287,0.1853997375555159,0.9874953599999999,0.2141350152571376,1.0,0.3593519882179676,1.0,0.37205671898058706,1.0,0.26971807813743776
11,5000,0.9864,0.28702340042546226,0.9863986398639863,0.28786555807003517,0.99818208,0.31869737719731306,0.9189,0.23727704140075273,0.9188536483924983,0.2127946950427511,0.98658528,0.21350063510227227,0.9193,0.24464081165112092,0.9192980623464769,0.22578287426208593,0.9865593199999999,0.21383605864460004,0.9178,0.23711340206185566,0.9177518321829997,0.2125639244111443,0.98618492,0.21320613154716783,0.9133,0.2295859924725904,0.912643349668691,0.17626887186764845,0.99128136,0.21563990796372753,0.9165,0.25396825396825395,0.9163387672356043,0.2525683343692744,0.98250908,0.21264011184154624,1.0,0.34773359515627555,1.0,0.3586850180424742,1.0,0.27340954239659704
12,5000,0.9999,0.6771849698982769,0.9998999999989999,0.6771033670956941,0.99999988,0.6948870710847348,0.9833,0.7427859663691094,0.9832953412377178,0.7443197831317727,0.99998248,0.8445896283473393,0.9958,0.7699813161718913,0.9957999455672946,0.7697246486304823,0.9999811599999999,0.8489077803357892,0.992,0.7716421008926718,0.9919995132503862,0.7725685609325079,0.99997556,0.8505571065224562,0.9964,0.7813992111272576,0.9963999994239999,0.7778491286877702,0.99995428,0.8577815773510746,0.9954,0.7818144073074528,0.9953999403832273,0.7769870891667457,0.99993716,0.8583191736164567,1.0,0.5692339630475399,1.0,0.5718709091648182,1.0,0.6602835017718861
12,2500,0.9992,0.6738634004567158,0.9991999994879996,0.6719089307324951,0.99999952,0.6874790264736452,0.9904,0.7344820427652066,0.9903991151824552,0.7363220677857855,0.9999979200000001,0.829052901175227,0.9982,0.7670749429105252,0.9981999964719931,0.7647520166600402,0.99999728,0.8347227592469751,0.9954,0.766244550550135,0.9953999026619403,0.7656639957709654,0.99999632,0.8360723369385924,0.9984,0.7643761677392568,0.9983999997439998,0.7573567896134721,0.9999912,0.8436162438853081,0.9974,0.7728876894332573,0.99739999490399,0.7674578819425019,0.9999804800000001,0.846136082269433,1.0,0.5941457338592485,1.0,0.5951982224505735,1.0,0.6654760680092089
12,500,1.0,0.7157982146564251,1.0,0.71768937019814,1.0,0.739728381748332,1.0,0.7774548474154038,1.0,0.7772745874319094,1.0,0.8441550817125041,1.0,0.7776624455055013,1.0,0.7761062549205631,1.0,0.8436584569869776,1.0,0.7776624455055013,1.0,0.7772832045043297,1.0,0.8445940624966743,1.0,0.7824372015777454,1.0,0.7777063071097565,1.0,0.8499675420268675,1.0,0.7874195557400872,1.0,0.7837792231316306,1.0,0.8525159363327102,1.0,0.6271538301847623,1.0,0.6297242029162045,1.0,0.6966527493499537
12,5,1.0,0.4633589370977787,1.0,0.4266735485751668,1.0,0.4260657034511871,1.0,0.4988582105044634,1.0,0.4955800258974524,1.0,0.48332848533006034,1.0,0.4965746315133901,1.0,0.4938035830386048,1.0,0.48433592405898485,1.0,0.46813369317002285,1.0,0.47128173754378155,1.0,0.48056246297485306,1.0,0.49470624870251195,1.0,0.49190046065356247,1.0,0.48197376402521436,1.0,0.4913846792609508,1.0,0.4896413707868912,1.0,0.4830828334568983,1.0,0.456923396304754,1.0,0.45929748979226254,1.0,0.4735953501736413
12,50,1.0,0.6022420593730538,1.0,0.6032944014578083,1.0,0.6324129221753582,1.0,0.5951837243097363,1.0,0.5976772549154962,1.0,0.6501763017775618,1.0,0.5937305376790534,1.0,0.595996373857188,1.0,0.6501337339439452,1.0,0.5877101930662237,1.0,0.5889777467211097,1.0,0.6497121350251683,1.0,0.6043180402740295,1.0,0.6068216242544175,1.0,0.6512708271994267,1.0,0.604110442183932,1.0,0.6068812214609797,1.0,0.6523820250227915,1.0,0.5690263649574424,1.0,0.5707720384596991,1.0,0.6256872044639468
13,2500,0.9968,0.6780780780780781,0.9967999749118033,0.6846880386505785,0.99960736,0.7378782026014978,0.9698,0.8039039039039039,0.9697731573546573,0.7904920250798385,0.99975872,0.8736409144659046,0.9728,0.796996996996997,0.9727798614526971,0.7986165329569269,0.999688,0.8734729996058337,0.8576,0.766966966966967,0.8546526819683098,0.7336650025365525,0.9995632000000001,0.8785321245565629,0.9816,0.8078078078078078,0.9815945549331314,0.7965355203824829,0.99976352,0.8721013007489161,0.9608,0.8429429429429429,0.9607981873081811,0.8392766227116428,0.9951072,0.8968640126133227,1.0,0.6282282282282282,1.0,0.6332800157393078,1.0,0.7562680331099725
13,5000,0.9977,0.678978978978979,0.9976999878329356,0.6840873696375589,0.99994272,0.7304442254631455,0.9683,0.7942942942942943,0.968269309759092,0.7783129501778328,0.99966,0.8691005124162396,0.9561,0.7906906906906906,0.9560152321154852,0.793858258375638,0.999177,0.8759586125344896,0.8642,0.7762762762762763,0.8616485727858301,0.748373908832181,0.9990941999999999,0.8765837603468664,0.987,0.8114114114114114,0.9869995626652881,0.8037621856369694,0.99946572,0.8727059519117066,0.7991,0.7456456456456456,0.7906504839594974,0.7024881374962242,0.99972264,0.8627808435159635,1.0,0.6294294294294295,1.0,0.6353437213341057,1.0,0.7574588096176588
13,50,1.0,0.6984984984984985,1.0,0.7043950324645153,1.0,0.7622459597950335,1.0,0.8078078078078078,1.0,0.8067493300675019,1.0,0.86136460386283,1.0,0.7972972972972973,1.0,0.7993883581180515,1.0,0.8598088293259757,1.0,0.7768768768768769,1.0,0.7586736446561277,1.0,0.8612321639731966,1.0,0.8063063063063063,1.0,0.8023370007185509,1.0,0.8580614899487584,1.0,0.8096096096096096,1.0,0.8097537775426872,1.0,0.87044107213244,1.0,0.7693693693693694,1.0,0.7679480517613745,1.0,0.8140283799763499
13,500,0.999,0.7339339339339339,0.998999998999999,0.7355221537018344,1.0,0.723368545526212,1.0,0.7984984984984985,1.0,0.7917360443089956,1.0,0.8464733937721718,1.0,0.7696696696696697,1.0,0.7728890096613226,1.0,0.8450074891604258,0.974,0.7639639639639639,0.9739824121105867,0.7332393293694558,1.0,0.8510236499802917,1.0,0.7972972972972973,1.0,0.7893253116321669,1.0,0.8436330311391407,1.0,0.8114114114114114,1.0,0.8107336286881034,1.0,0.8660662199448168,1.0,0.6792792792792792,1.0,0.6755177922940074,1.0,0.7423929838391801
13,5,1.0,0.5282282282282282,1.0,0.5374502613231125,1.0,0.5867981868348443,1.0,0.5576576576576576,1.0,0.5671209732916135,1.0,0.6026062278281434,1.0,0.5321321321321322,1.0,0.532776172569821,1.0,0.6160906582577848,1.0,0.5975975975975976,1.0,0.5781694392805504,1.0,0.5792731572723689,1.0,0.5801801801801801,1.0,0.5883906926149326,1.0,0.5946279069767442,1.0,0.5453453453453454,1.0,0.5512932162696741,1.0,0.6290130074891604,1.0,0.5567567567567567,1.0,0.5660388125419082,1.0,0.582538431217974
14,50,1.0,0.5459000326690624,1.0,0.5388341706265848,1.0,0.5144570794317993,1.0,0.5707285200914733,1.0,0.5640489929520377,1.0,0.5863887201230065,1.0,0.5632146357399542,1.0,0.559560443517613,1.0,0.5869762861481309,1.0,0.5756288794511597,1.0,0.5280455702530208,1.0,0.5795665222957839,1.0,0.5677883044756615,1.0,0.5689974713725048,1.0,0.5881705401696119,1.0,0.5733420450833061,1.0,0.5456145030912048,1.0,0.579718194294873,1.0,0.5462267232930414,1.0,0.5327371690137064,1.0,0.5476084932842767
14,2500,0.9976,0.580202548186867,0.9975999996159999,0.570015892812296,0.99997472,0.5511086832002183,0.9964,0.6752695197647828,0.9963999717757787,0.664708210712734,0.99996992,0.660685835573646,0.9884,0.6350865730153544,0.9883985447134488,0.6358271837650009,0.99994416,0.6584785516671317,0.9742,0.6850702384841555,0.9741828150490092,0.6628224828976615,0.9999420800000001,0.6695723371133994,0.974,0.6200588043123162,0.9739824121105867,0.6217438906328222,0.99986352,0.6636623442319877,0.9914,0.6853969291081345,0.9913997492166873,0.6776883742302586,0.9997328,0.6779512372349978,1.0,0.548186867036916,1.0,0.5494018517181336,1.0,0.5199963668254659
14,5000,0.9972,0.5187847108787977,0.9971999945119893,0.5206524996150942,0.99971944,0.4954411482222217,0.9803,0.6716759229010127,0.9802936858998994,0.6563206494666476,0.99956888,0.6499010437988751,0.9787,0.6292061417837308,0.9786912188643819,0.628342726201477,0.99933284,0.647655515949897,0.9353,0.6788631166285528,0.935031387923054,0.6537806286348307,0.9993035200000001,0.6586780285943004,0.9631,0.6197321136883371,0.9630496880857944,0.62100736663865,0.99870736,0.6536572073751704,0.9665,0.6818033322443646,0.9664764580926956,0.6704798524393698,0.99794048,0.6679369739828198,1.0,0.5334857889578569,1.0,0.5351989835503661,1.0,0.5063545787125525
14,500,1.0,0.5779157138190134,1.0,0.5786162556811173,1.0,0.5850945103428136,1.0,0.633453119895459,1.0,0.6287748158391514,1.0,0.6459228046021369,1.0,0.6069911793531526,1.0,0.6083176305361302,1.0,0.6416955451891293,1.0,0.644233910486769,1.0,0.6209025223915388,1.0,0.6552830095201342,1.0,0.594576935641947,1.0,0.5959759356260517,1.0,0.6478019728659228,1.0,0.6504410323423718,1.0,0.6407212361597634,1.0,0.6668565826082196,1.0,0.5321790264619406,1.0,0.5305822138743163,1.0,0.5004519738654805
14,5,1.0,0.49199607971251225,1.0,0.43642176740917676,1.0,0.41525837694446543,1.0,0.38451486442339106,1.0,0.38637912567677435,1.0,0.3439764486848864,1.0,0.38124795818360013,1.0,0.3836455994412068,1.0,0.34620155079186693,1.0,0.4740280953936622,1.0,0.4295152342911279,1.0,0.3322220860506089,1.0,0.3707938582162692,1.0,0.37197216045630904,1.0,0.3471420041042704,1.0,0.4302515517804639,1.0,0.41187620255493684,1.0,0.331327699305264,1.0,0.4008493956223456,1.0,0.39484215102150644,1.0,0.333740544402521
15,5,1.0,0.42312521401666475,1.0,0.44757312173466623,1.0,0.636986670235589,1.0,0.43134345394361373,1.0,0.4563416264235296,1.0,0.6604949154878671,1.0,0.4183312407259445,1.0,0.4389826336900836,1.0,0.6628617841352322,1.0,0.5396644218696496,1.0,0.581822626049894,1.0,0.6536800904625628,1.0,0.46410227143020205,1.0,0.4968201092953946,1.0,0.6563663990242097,1.0,0.43682228056157973,1.0,0.4631048220429042,1.0,0.6641971647904447,1.0,0.4601072936879352,1.0,0.49198857385975364,1.0,0.6508352640508284
15,500,0.998,0.5436593996119164,0.9979999919999679,0.5843421393783245,0.999952,0.6152312573478793,1.0,0.6181942700604954,1.0,0.6551069742699551,1.0,0.7092022096330448,0.978,0.5425179773998402,0.9779893468438725,0.5810395002631245,0.999976,0.7091050793831428,0.894,0.713503024768862,0.8927954496725204,0.7333816104447859,1.0,0.7089921614606082,0.997,0.6473005364684397,0.996999972999757,0.6809046991271301,1.0,0.7074346314219564,0.986,0.6078073279306015,0.985999943999776,0.6454210921854413,0.9994759999999999,0.714334806048041,1.0,0.5080470265951376,1.0,0.551480323487615,1.0,0.6307312256923936
15,50,0.99,0.6637370163223376,0.98999899989999,0.6948282030262485,1.0,0.7003954130800467,1.0,0.6108891679032074,1.0,0.6484934996369602,1.0,0.7105017674980707,0.99,0.5685424038351786,0.98999899989999,0.608157562697295,1.0,0.7101191768932584,0.93,0.7039150781874215,0.9296553110240177,0.7266436867219973,1.0,0.7094277249162332,1.0,0.6457025453715329,1.0,0.6794719775595004,1.0,0.7075524379131741,1.0,0.6184225545029106,1.0,0.6553495424038445,1.0,0.715698957132061,1.0,0.6038123501883347,1.0,0.6421620109914246,1.0,0.6716218587940943
15,2500,0.994,0.5433169729482936,0.9939998617568148,0.5827577570948689,0.99959824,0.6406306574163193,0.9822,0.6381691587718297,0.9821955552984247,0.6731454967425592,0.99923904,0.7211009858079243,0.957,0.5441159684967469,0.956920345719235,0.5821206952138532,0.99890656,0.7220440788614283,0.8654,0.7140737358749001,0.86291643512173,0.735121518669871,0.99919264,0.721423070357723,0.9842,0.6450176920442872,0.9841968134454632,0.6791801195278607,0.99939408,0.7193986419395917,0.9542,0.6080356123730167,0.9541994705458794,0.6455081777777633,0.9938606400000001,0.7272710807503392,1.0,0.5435452573907088,1.0,0.5872146745611116,1.0,0.645274477103467
15,5000,0.994,0.5540463417418103,0.9939998730373134,0.5930984354529013,0.9993875200000001,0.6580062333257735,0.9679,0.6491268120077617,0.9678787842582147,0.6829272562254323,0.99824724,0.7367423219418997,0.9519,0.5529049195297341,0.9517893850830283,0.5906920845686897,0.99768676,0.7378544312470898,0.8544,0.718981851386828,0.8512465214571172,0.7397252126240135,0.9979955199999999,0.73638289193298,0.9719,0.655404634174181,0.9718865164921748,0.6884278080086285,0.9985344800000001,0.7355982365890934,0.9371,0.6193356922725716,0.9370904824190851,0.6560128055193216,0.9897495199999999,0.7405676670067295,1.0,0.5497089373359205,1.0,0.5926049745105023,1.0,0.6672234292267487
16,50,1.0,0.23122238586156113,1.0,0.1895624341965425,1.0,0.2387933995579197,1.0,0.2452953690067092,1.0,0.23012988834386075,1.0,0.22408495085629887,1.0,0.24218622156766487,1.0,0.2225173784340138,1.0,0.22390430114799822,1.0,0.23711340206185566,1.0,0.2103058073343412,1.0,0.22361196394515856,1.0,0.23760432007854687,1.0,0.2116357374057233,1.0,0.22417232706431106,1.0,0.23220422189494355,1.0,0.19941417740381048,1.0,0.22319181195869778,1.0,0.2740958926525937,1.0,0.27186985102478434,1.0,0.2549034781748434
16,2500,0.992,0.3127147766323024,0.991999815675753,0.32059144661750283,0.99926352,0.3338138222421313,0.9264,0.23596792668957617,0.9263532313560405,0.21424510367322197,0.98908992,0.21867508783956668,0.9296,0.24136802487317952,0.9295884637739047,0.22334174417622957,0.98938112,0.21924724554327182,0.9286,0.2300769104892816,0.9284750287091618,0.20282943036919202,0.9890532799999999,0.21812856530432798,0.929,0.23171330387825234,0.9288804480331437,0.2055440624854842,0.98915152,0.21847048790345003,0.9274,0.2279495990836197,0.9271394477507345,0.19484079873631224,0.98809936,0.21664473435586767,1.0,0.3570610374734086,1.0,0.3673376031955523,1.0,0.28661839391938615
16,5000,0.9878,0.307151039109802,0.9877987798779879,0.3116956163587036,0.9980808,0.3294665550112662,0.9219,0.2420225822287678,0.9218625244853683,0.21909413552220913,0.9865228799999999,0.21889930529896987,0.9218,0.24725904107347407,0.9217993869071933,0.23082161543088744,0.9865524,0.2192549481291021,0.9199,0.23940435280641467,0.9198273627889605,0.21330858098087002,0.98602292,0.21823242986013308,0.9199,0.24005891016200295,0.9198321130316363,0.21523342480650814,0.9861,0.2187476606404363,0.9165,0.23384061528391425,0.9163143509192226,0.2024700906724033,0.9847502800000001,0.2167945737208472,1.0,0.3572246768123057,1.0,0.36828012257174414,1.0,0.2841787202105502
16,500,0.989,0.2845688103420062,0.9889994609735877,0.279500504065646,0.997888,0.3238887996940148,0.989,0.2601865488463427,0.9889997249931248,0.2506742344579435,0.9994679999999999,0.2271515428399771,0.989,0.26149566355751924,0.9889997249931248,0.2527743912071407,0.999528,0.22755412330251254,0.989,0.25298641793487153,0.9889994609735877,0.2359587822535723,0.999456,0.22642473165514848,0.99,0.25298641793487153,0.9899996399870395,0.23694722878424473,0.9994999999999999,0.22694405443417406,0.975,0.24611356570119458,0.9749843652282677,0.22191485948550835,0.9993879999999999,0.22508436136777704,1.0,0.35182457862870237,1.0,0.3682079332693025,1.0,0.2926102835779185
16,5,1.0,0.39911634756995584,1.0,0.4136874560943546,1.0,0.2976759372903603,1.0,0.39109801996399934,1.0,0.40478205206954,1.0,0.2268903770391693,1.0,0.3907707412862052,1.0,0.40449363762072194,1.0,0.22572030611038912,1.0,0.39060710194730813,1.0,0.40438068602518623,1.0,0.2265539906736128,1.0,0.3907707412862052,1.0,0.4045250003213494,1.0,0.22853367558489704,1.0,0.3868433971526755,1.0,0.40131529450017495,1.0,0.22683814387900778,1.0,0.3907707412862052,1.0,0.40449363762072194,1.0,0.21635095291818482
17,5,1.0,0.5904089682374922,1.0,0.5922035302226377,1.0,0.618764610522059,1.0,0.7450695453601827,1.0,0.7450143806865911,1.0,0.7758069264959933,1.0,0.7448619472700851,1.0,0.7448159991760641,1.0,0.7714240359272516,1.0,0.7413327797384264,1.0,0.7417814638226421,1.0,0.7702504052812492,1.0,0.7448619472700851,1.0,0.7448344502739525,1.0,0.7719981695831546,1.0,0.7189121860078888,1.0,0.7205759065707572,1.0,0.7697876574566429,1.0,0.74444675108989,1.0,0.7444375944911208,1.0,0.794602753429371
17,2500,0.9998,0.6692962424745692,0.9997999999920001,0.669139778574612,1.0,0.6869602310014438,0.9792,0.7367656217562798,0.9791909971930256,0.7382942013993805,0.99999952,0.8382738034004604,0.9988,0.7685281295412082,0.9987999992319996,0.7679629223634118,0.99999664,0.8414947694774443,0.9762,0.7494291052522317,0.9761865110873404,0.7511302204353413,0.9999963199999999,0.8456912484081404,0.9904,0.7664521486402325,0.9903991151824552,0.7675755816757587,0.99999728,0.8455850061900725,0.9742,0.7533734689640855,0.9741828150490092,0.7550924770720269,0.99998944,0.8498691039116293,1.0,0.5771226904712476,1.0,0.5785606808956348,1.0,0.6518437192935158
17,500,1.0,0.6771849698982769,1.0,0.6743436954844076,1.0,0.6591948294271434,0.999,0.7417479759186215,0.998999998999999,0.7431904857787809,1.0,0.8225198029109303,1.0,0.7508822918829147,1.0,0.749176898261655,1.0,0.8222182807561466,0.997,0.7425783682790118,0.996999972999757,0.7443642998147909,1.0,0.8262065320340684,1.0,0.7515050861532074,1.0,0.7521494998840595,1.0,0.8262441336204298,0.996,0.7461075358106706,0.995999935998976,0.7478627107624329,1.0,0.8294422194868447,1.0,0.5968445090305169,1.0,0.5988235688295792,1.0,0.6761662699581061
17,50,1.0,0.6940004151961802,1.0,0.6953990243947236,1.0,0.7513192481101656,1.0,0.7351048370354992,1.0,0.7318068002759701,1.0,0.8066453709254603,1.0,0.7342744446751089,1.0,0.7312855605892405,1.0,0.805048012969,1.0,0.7373884160265726,1.0,0.7382131567398759,1.0,0.8076332993973104,1.0,0.7359352293958895,1.0,0.7351901781520849,1.0,0.8065167805947435,1.0,0.7384264064770604,1.0,0.739951966082362,1.0,0.8097687857170729,1.0,0.6751089889973012,1.0,0.6742337165172131,1.0,0.7002438782134282
17,5000,0.9994,0.6732406061864231,0.9993999999759999,0.6737667158599402,0.9999986,0.711389023884102,0.9662,0.7660369524600373,0.9661613413628267,0.7675722527670481,0.99977216,0.8648513850508863,0.9914,0.7969690678845754,0.9913998335007768,0.7958416805748496,0.9996696799999999,0.8681840916911135,0.9654,0.7822296034876479,0.965360426365497,0.7837602629718123,0.99954316,0.8719719194190909,0.9822,0.7975918621548682,0.9821968979875051,0.798150768745652,0.99957608,0.8715950167256113,0.9609,0.7865891633796969,0.9608443484640283,0.7880697582335525,0.99934196,0.87537770084036,1.0,0.5924849491384679,1.0,0.5946585884953817,1.0,0.6914837727870934
18,500,1.0,0.7042042042042042,1.0,0.7091524755368194,1.0,0.7680823807646826,1.0,0.7870870870870871,1.0,0.7754291726503246,1.0,0.8457414268821443,0.998,0.7825825825825826,0.9979999919999679,0.7832218190801785,1.0,0.8459992116673236,0.985,0.7573573573573573,0.9849966242404541,0.7251376793998481,1.0,0.847916830902641,0.999,0.7942942942942943,0.998999998999999,0.7907528893627815,1.0,0.8475612928655893,0.976,0.7543543543543544,0.9759861680327868,0.7202587551308537,1.0,0.8483180922349232,1.0,0.7003003003003003,1.0,0.6956532882134907,1.0,0.7466326369728025
18,5,1.0,0.7741741741741742,1.0,0.7505466154114803,1.0,0.7978884509262909,1.0,0.7876876876876877,1.0,0.7705751397101407,1.0,0.8615936145053213,1.0,0.7933933933933934,1.0,0.7801311762153772,1.0,0.8584501379582185,1.0,0.7534534534534535,1.0,0.7140609118587169,1.0,0.8763496255419787,1.0,0.7870870870870871,1.0,0.7694003286963663,1.0,0.8610512416239653,1.0,0.8078078078078078,1.0,0.8004165006154207,1.0,0.868103271580607,1.0,0.7738738738738739,1.0,0.753944859469659,1.0,0.8385246353961372
18,5000,0.9976,0.7189189189189189,0.9975999938559842,0.720228450053899,0.99967332,0.7468352384706347,0.9611,0.7996996996996997,0.9610416524724915,0.7834570463247007,0.9996904799999999,0.8818923925896729,0.9683,0.827027027027027,0.9682681129440163,0.827027027027027,0.99923544,0.8866507686243597,0.8839,0.7786786786786787,0.8823136813974289,0.7535245844648965,0.9992223600000001,0.8883232163973196,0.9834,0.8339339339339339,0.9833985330943844,0.8308513711831782,0.99911704,0.8885455262120616,0.8718,0.7768768768768769,0.8696577945716559,0.750981707949057,0.99904996,0.8897433977138351,1.0,0.6345345345345346,1.0,0.6396024586534652,1.0,0.7661643673630273
18,50,1.0,0.7189189189189189,1.0,0.7188650530501116,1.0,0.7246377611351991,1.0,0.754054054054054,1.0,0.7534980565975481,1.0,0.8065167520693732,1.0,0.736936936936937,1.0,0.7405115458704633,1.0,0.8040074891604257,1.0,0.7582582582582582,1.0,0.742156288927181,1.0,0.8110713441072133,1.0,0.7501501501501502,1.0,0.7511022833290288,1.0,0.8057197477335435,1.0,0.724024024024024,1.0,0.7298659040143343,1.0,0.8168726842727632,1.0,0.6792792792792792,1.0,0.6801655172462499,1.0,0.7250543949546709
18,2500,0.9982,0.7201201201201202,0.9981999981999983,0.710309541059282,0.99984016,0.7332566022861647,0.9828,0.8042042042042042,0.9827951441014712,0.7917210675641569,0.99992144,0.8678801734331889,0.9832,0.8132132132132132,0.9831952570293441,0.8139250243156922,0.99984608,0.8711178557351203,0.916,0.781981981981982,0.915403084161846,0.7587980618655464,0.99980224,0.8729609775325188,0.9934,0.8255255255255255,0.9933999870639746,0.823669045527799,0.99981488,0.8729014584154513,0.901,0.7807807807807807,0.9000200969704071,0.7564503201586409,0.99975984,0.8741470240441467,1.0,0.6471471471471472,1.0,0.6503474017562096,1.0,0.7548072526606228
19,500,1.0,0.5929434825220516,1.0,0.5802528775696804,1.0,0.5917341802628228,1.0,0.6520744854622672,1.0,0.643631848906689,1.0,0.6771276887012617,1.0,0.6426004573668735,1.0,0.6402673363335407,1.0,0.6742394018647399,1.0,0.6461940542306436,1.0,0.6403762374471539,1.0,0.675913008937783,1.0,0.6458673636066645,1.0,0.6448239418142119,1.0,0.6820372548150427,1.0,0.6468474354786018,1.0,0.6464321019917801,1.0,0.6825200845886472,1.0,0.5462267232930414,1.0,0.5431679560003431,1.0,0.5401183302347048
19,5000,0.9978,0.5465534139170206,0.9977999985919991,0.5485497482829896,0.99988656,0.5272670617961267,0.9816,0.68343678536426,0.981594168296283,0.6699503368203092,0.99974776,0.6713815363460869,0.9876,0.6638353479255146,0.9875996899922499,0.6589581574080596,0.99963024,0.6708252608193417,0.9893,0.6749428291408036,0.9892995753001437,0.6669007879567085,0.9996908,0.6715723214681503,0.9837,0.6657954916693891,0.9836996399250459,0.6623624838885832,0.99922796,0.6786817834541059,0.9797,0.6648154197974518,0.979697027441788,0.6623378457511727,0.9988421599999999,0.6798977669883504,1.0,0.5524338451486442,1.0,0.5541540010828634,1.0,0.5266503782238992
19,2500,0.9974,0.5302188827180659,0.997399999896,0.5322485949779316,0.9999436800000001,0.5197503887409833,0.9826,0.6769029728846782,0.9825952039343961,0.6614720090012061,0.99977872,0.6708721965669108,0.991,0.6622018948056191,0.9909999823599653,0.6568139419771647,0.99971488,0.6696583859839428,0.9874,0.6716759229010127,0.9873990680350718,0.6622546976879522,0.9997495999999999,0.6707796288425384,0.9864,0.6693890885331591,0.9863999912959943,0.6655185333441067,0.99944448,0.6782936943561503,0.9838,0.6638353479255146,0.9837992061611017,0.6608145859279165,0.99918288,0.6794462277131251,1.0,0.5553740607644561,1.0,0.5556577396222045,1.0,0.5366346547484635
19,5,1.0,0.6354132636393336,1.0,0.6302263697881595,1.0,0.7061883044808862,1.0,0.633453119895459,1.0,0.6282383395182033,1.0,0.6348807353962463,1.0,0.6337798105194381,1.0,0.6281168512726011,1.0,0.6359350513555304,1.0,0.6252858542959817,1.0,0.6185166147721014,1.0,0.6406042890581474,1.0,0.6327997386475008,1.0,0.6275756627615512,1.0,0.6391205979266568,1.0,0.6347598823913754,1.0,0.6302927130793544,1.0,0.6407968125412318,1.0,0.6341065011434172,1.0,0.6284839498196768,1.0,0.7439637586494325
19,50,1.0,0.576608951323097,1.0,0.5350536682786537,1.0,0.5601803201887164,1.0,0.5821626919307415,1.0,0.5736376856113027,1.0,0.5858028924589029,1.0,0.579875857562888,1.0,0.57031704012854,1.0,0.5841775249041946,1.0,0.5890231950343026,1.0,0.5730816248528136,1.0,0.5840028196215762,1.0,0.5828160731786998,1.0,0.5749310594584939,1.0,0.5872031422613817,1.0,0.5831427638026788,1.0,0.577596671584097,1.0,0.5885347268035279,1.0,0.5223783077425678,1.0,0.5137993614415945,1.0,0.5040994898779584
20,5000,0.9923,0.5162652665220865,0.9922997498188717,0.5551402364389946,0.99944396,0.6143615729650933,0.9553,0.6514096564319142,0.9552350187055032,0.684867092582017,0.9974749999999999,0.732857993490991,0.962,0.5744777993379752,0.9619585728858727,0.6131623568893668,0.9966818399999999,0.7335416718424053,0.8893,0.6935281360575277,0.8879416272853694,0.7199545885476167,0.99647992,0.7345200267028047,0.9333,0.5219723775824677,0.9330019329695689,0.558466514049977,0.99445128,0.734540141960829,0.9339,0.6275539321995206,0.9338137454111572,0.6635705989905016,0.99082616,0.7374300874572952,1.0,0.5344138796940988,1.0,0.5781516576317371,1.0,0.6578449105592282
20,500,0.997,0.6477571053532701,0.996999996999997,0.6811345735195293,0.999992,0.6646136548141582,1.0,0.6193356922725716,1.0,0.6560838532682767,1.0,0.7224147285361782,0.992,0.5653464216413652,0.9919994879672299,0.6039785804945565,1.0,0.7236729339185725,0.972,0.6890765894304303,0.9719780307761284,0.7163282770585269,1.0,0.7211277527249762,0.958,0.5043944755164935,0.9579257810778213,0.5391427662031675,1.0,0.7258018655098657,0.995,0.632918616596279,0.994999954999595,0.6684510375886151,0.99998,0.7259279264695159,1.0,0.5764182170985047,1.0,0.617398148571235,1.0,0.6502703538762744
20,2500,0.9944,0.5355553019061751,0.9943999103985663,0.5744469788316925,0.99959952,0.6407385264892302,0.9798,0.6332610432599018,0.9797938823958342,0.6687609536016349,0.99921888,0.7278070602151451,0.9738,0.5713959593653692,0.9737846472408103,0.6096792521585576,0.99898672,0.7285498020931087,0.917,0.6903321538637142,0.9164242466350689,0.7174366282921179,0.9990745600000001,0.7283117047560965,0.9432,0.5202602442643534,0.9430187449067987,0.5559982097215217,0.99796416,0.7302415674193727,0.9568,0.6313206254993722,0.9567511738051792,0.6670041407413277,0.99651408,0.7320737388494554,1.0,0.5320168930487388,1.0,0.5761569990631857,1.0,0.6475280271259464
20,50,1.0,0.6063234790549024,1.0,0.6443997533364081,1.0,0.6482872779407746,1.0,0.5639767149868736,1.0,0.60415758472224,1.0,0.6790867031733223,1.0,0.5424038351786326,1.0,0.5823210821325214,1.0,0.679397648197761,1.0,0.6683027051706426,1.0,0.6962456946272068,1.0,0.6756623810214544,1.0,0.4797397557356466,1.0,0.5132824326200963,1.0,0.681865333556658,1.0,0.6059810523912795,1.0,0.6441164539588757,1.0,0.6813573231159575,1.0,0.5452573907088232,1.0,0.5876872081591232,1.0,0.6236438429278841
20,5,1.0,0.6552904919529734,1.0,0.6863675260968821,1.0,0.6338990181990994,1.0,0.6386257276566601,1.0,0.673029341996036,1.0,0.6884844555536945,1.0,0.6385115854354526,1.0,0.672929486478577,1.0,0.6879870236550627,1.0,0.7012898070996462,1.0,0.7215108970616044,1.0,0.6883365162456754,1.0,0.5966213902522544,1.0,0.635456851916146,1.0,0.6887247968238729,1.0,0.6528935053076133,1.0,0.6847022799478258,1.0,0.6894851696052842,1.0,0.6436479853897957,1.0,0.6769683009024278,1.0,0.67425583562869
21,500,0.983,0.27131402389134346,0.9829999829999831,0.27139305005758024,0.998764,0.2995494709406711,0.978,0.24005891016200295,0.9779985919098821,0.2289187501348087,0.99856,0.2142521186323385,0.979,0.2403861888397971,0.9789982988622078,0.2290454508560568,0.9986959999999999,0.21464146027547815,0.981,0.23842251677303225,0.9809995249881247,0.2259077128976311,0.998736,0.2147798661146159,0.942,0.2251677303223695,0.9418042294277951,0.18793796439003865,0.999124,0.21522444974050714,0.959,0.22762232040582556,0.9589309629487168,0.1959971866667543,0.998964,0.2147092189602039,1.0,0.3307151039109802,1.0,0.34773763049092776,1.0,0.26433926616983383
21,5,1.0,0.24071346751759123,1.0,0.22728707154707636,1.0,0.24303752435040124,1.0,0.2796596301750941,1.0,0.2952891772653675,1.0,0.210920028143323,1.0,0.26869579446899033,1.0,0.27953146260693035,1.0,0.21084601110761017,1.0,0.2672230404189167,1.0,0.2771582231886196,1.0,0.21087826568577445,1.0,0.2318769432171494,1.0,0.200426015723251,1.0,0.21135137294981837,1.0,0.23269513991163476,1.0,0.21394454231354382,1.0,0.2107947407706774,1.0,0.2721322205858288,1.0,0.2845027708207851,1.0,0.21469585978790448
21,5000,0.9828,0.26967763050237276,0.982799931199725,0.25138943431769795,0.99833204,0.3076001173681516,0.9285,0.24022254950090002,0.928472801782878,0.2180231626581046,0.9885170400000001,0.21689266133727964,0.9291,0.2403861888397971,0.9290892719159481,0.22002896107797476,0.9885770799999999,0.21726756063198752,0.9292,0.2457862870234004,0.9291998187515361,0.22970252033263838,0.9886996,0.21780385317042045,0.9261,0.22942235313369333,0.9257392345178187,0.18862802979101964,0.99040432,0.2175294485502169,0.9292,0.23204058255604648,0.9289675933305626,0.19794070127264302,0.9892693199999999,0.2164028250196356,1.0,0.3523154966453936,1.0,0.3642227714947038,1.0,0.27377216569513796
21,50,1.0,0.23367697594501718,1.0,0.21586801101518363,1.0,0.2311373903013372,1.0,0.2482408771068565,1.0,0.24770701435000161,1.0,0.20573955776084868,1.0,0.24398625429553264,1.0,0.23999394179334724,1.0,0.20582007385335577,1.0,0.2441498936344297,1.0,0.2394814898418528,1.0,0.20591214382460826,0.97,0.22647684503354606,0.9699729756781104,0.1980626980355748,1.0,0.20644927883336636,1.0,0.22827687776141384,1.0,0.2057893567035236,1.0,0.20616079292344183,1.0,0.2616593028964163,1.0,0.26622083574669014,1.0,0.22242720996213938
21,2500,0.9804,0.2808051055473736,0.9803990936540906,0.2811161690647224,0.9975564800000001,0.30488964962622,0.9362,0.23482245131729668,0.9361892159775002,0.21525449584140333,0.99072,0.2112838549708999,0.9368,0.23662248404516445,0.9367967235421485,0.2205654782860175,0.9906747200000001,0.21153755889168455,0.9376,0.24185894288987073,0.9375942486859589,0.23059150081852464,0.99080976,0.21204219861647117,0.9308,0.22827687776141384,0.9305294985402361,0.19169446397695025,0.9920961599999999,0.21173433588906737,0.9356,0.23154966453935527,0.9354704866855976,0.20035378904695816,0.99123232,0.21082783781916686,1.0,0.34331533300605466,1.0,0.3545877760244199,1.0,0.27205978458274493
22,5000,1.0,0.6798837450695454,1.0,0.6810288177702899,1.0,0.701749005863719,0.9819,0.7396719950176458,0.9818940683157209,0.7409940971964943,0.99997364,0.8443180810420606,0.9971,0.7807764168569649,0.9970999985789993,0.7796850161782716,0.99996496,0.848710549373366,0.9904,0.7737180817936475,0.9903991516690414,0.7749746820492166,0.99995164,0.8513227954296336,0.9883,0.7722648951629645,0.9882983981677251,0.7736224205818134,0.99995724,0.8515540806589501,0.986,0.7714345028025742,0.9859972554620705,0.7729666906801005,0.99993128,0.8539408945630236,1.0,0.5814822503632967,1.0,0.5839594000344511,1.0,0.6736127320390347
22,5,1.0,0.6086776001660785,1.0,0.6105683997188197,1.0,0.6155691851452451,1.0,0.6674278596636911,1.0,0.6695684362477619,1.0,0.5715033185173624,1.0,0.6674278596636911,1.0,0.6695684362477619,1.0,0.5707472073727489,1.0,0.6674278596636911,1.0,0.6695684362477619,1.0,0.571335530306524,1.0,0.6674278596636911,1.0,0.6695684362477619,1.0,0.57315424099779,1.0,0.6520656009964708,1.0,0.6545232154821498,1.0,0.5731980503932204,1.0,0.6674278596636911,1.0,0.6695684362477619,1.0,0.551554967488817
22,2500,0.9998,0.6630682997716421,0.9997999999920001,0.6623570969478412,1.0,0.6720765653433983,0.992,0.7280465019721819,0.99199948796723,0.7291966910752914,0.9999945600000001,0.831920199501247,0.9978,0.7600166078472078,0.9977999956879914,0.76008458781,0.9999936,0.8342410332632146,0.9948,0.7506746937928171,0.9947998593881977,0.7523716387352093,0.99999056,0.8380648662837926,0.9936,0.7492215071621341,0.9935997378452622,0.7509739996747375,0.99999248,0.8384758232441655,0.9928,0.7498443014324269,0.9927996267326498,0.7516066727141529,0.9999872,0.8412819303093617,1.0,0.5686111687772473,1.0,0.571289800001477,1.0,0.6459480743376268
22,500,1.0,0.6676354577537886,1.0,0.6696166776221361,1.0,0.6976490140225539,1.0,0.6875648744031555,1.0,0.688947090167487,1.0,0.7809952359499545,1.0,0.7027195349802782,1.0,0.7046511798543308,1.0,0.7799491314388283,1.0,0.6888104629437409,1.0,0.690277117840155,1.0,0.7835649141726053,1.0,0.6869420801328627,1.0,0.6881670226002138,1.0,0.7836752358080616,1.0,0.6840357068714967,1.0,0.6847474368157467,1.0,0.7860884772421719,1.0,0.5752543076603696,1.0,0.5742508252005111,1.0,0.6376313838447978
22,50,1.0,0.5028025742163172,1.0,0.5061914133419066,1.0,0.4995198703100002,1.0,0.464189329458169,1.0,0.4617634687598704,1.0,0.46633150409892765,1.0,0.4693792817106083,1.0,0.46954352129122306,1.0,0.4667727906407523,1.0,0.4610753581067054,1.0,0.45382156466113144,1.0,0.4662389190608117,1.0,0.4567157982146564,1.0,0.44667844822691244,1.0,0.46593331748863975,1.0,0.45277143450280255,1.0,0.4308964988798964,1.0,0.4657100137281263,1.0,0.4529790325929001,1.0,0.45175247367597954,1.0,0.4529926960692153
23,5000,0.9987,0.6828828828828829,0.9986999984269982,0.6885618409842459,0.99998668,0.7212502956247536,0.9725,0.7954954954954955,0.9724791873854604,0.7791122811139274,0.99990428,0.8671009065825777,0.9823,0.8189189189189189,0.9822944530291896,0.8176624857553894,0.99974924,0.8724769412692156,0.9301,0.7894894894894895,0.929756790978288,0.7678804326150696,0.9997363600000001,0.874797398502168,0.9434,0.7795795795795796,0.9432180957628621,0.7838652099768872,0.9990486399999999,0.8785498620417816,0.9705,0.833033033033033,0.9704998699044263,0.8284117873424345,0.99747212,0.8904473787938512,1.0,0.6261261261261262,1.0,0.6306566862747272,1.0,0.7384036263303114
23,5,1.0,0.5174174174174174,1.0,0.5251467622310165,1.0,0.5954603862830115,1.0,0.7009009009009008,1.0,0.7058385938208275,1.0,0.6809763500197082,1.0,0.6702702702702703,1.0,0.67722660765039,1.0,0.6842353173039022,1.0,0.6912912912912913,1.0,0.6860996760482234,1.0,0.668765076862436,1.0,0.5687687687687688,1.0,0.568993700866542,1.0,0.6933515963736697,1.0,0.6984984984984985,1.0,0.7036326236837093,1.0,0.6774867954276704,1.0,0.7276276276276277,1.0,0.729861120058598,1.0,0.6858411509657076
23,50,1.0,0.657957957957958,1.0,0.6637573852488532,1.0,0.763540402049665,1.0,0.7576576576576577,1.0,0.7536142152123864,1.0,0.7880469057942452,1.0,0.7432432432432432,1.0,0.744672327515373,1.0,0.7864639337800552,1.0,0.7486486486486487,1.0,0.7303086779520003,1.0,0.7930248324793063,1.0,0.6957957957957958,1.0,0.702391586653043,1.0,0.7908005518328735,1.0,0.76996996996997,1.0,0.7663433703974245,1.0,0.8053776113519905,1.0,0.6747747747747748,1.0,0.6722250252753535,1.0,0.6812357114702404
23,2500,0.9978,0.6960960960960961,0.9977999928719767,0.70205662666988,0.9997505600000001,0.7453208513992905,0.981,0.8036036036036036,0.9809934244851349,0.7883926301446108,0.99988912,0.8699901458415453,0.9836,0.8168168168168168,0.9835960079244883,0.8160818135790326,0.99978016,0.873908947575877,0.9412,0.7960960960960961,0.940995997200561,0.7759577526215117,0.99976528,0.8751422940480882,0.9496,0.7813813813813814,0.9494716499062259,0.7856812654067035,0.99928448,0.8792510839574299,0.9776,0.8408408408408409,0.9775997706216513,0.8367257293546965,0.99831504,0.888925108395743,1.0,0.6456456456456456,1.0,0.6500475630910413,1.0,0.755320063066614
23,500,0.998,0.6903903903903904,0.9979999919999679,0.6967538998165322,0.999996,0.7699124950729208,1.0,0.7906906906906906,1.0,0.7828216880805862,1.0,0.8436728419392983,0.999,0.7786786786786787,0.998999998999999,0.7794648111951565,1.0,0.8454434371304689,0.998,0.7723723723723723,0.9979999919999679,0.7506947854615452,1.0,0.8443559322033898,0.98,0.7339339339339339,0.9799919967987195,0.739698458199761,1.0,0.8514804887662593,1.0,0.8045045045045045,1.0,0.8003333288464052,1.0,0.8589976350019709,1.0,0.6921921921921922,1.0,0.688694473030455,1.0,0.7459759558533701
24,5000,0.9977,0.5289121202221496,0.9976999972169966,0.5309821760169288,0.99962948,0.5092572070274983,0.9821,0.6625285854295981,0.9820954735566698,0.6477262229871469,0.999639,0.6467128896862172,0.9501,0.5854295981705325,0.9499754383412241,0.5864258563477177,0.99945532,0.6390814848036825,0.8405,0.6592616791898073,0.8363363559802259,0.6108973500567318,0.99947972,0.6585750307038015,0.9462,0.5841228356746161,0.9460438270948965,0.5847157267322624,0.9991476,0.6441674945611029,0.8711,0.6853969291081345,0.8689221133875784,0.6541200550475905,0.9986105200000001,0.6698448252034533,1.0,0.5396929108134596,1.0,0.5411854706422298,1.0,0.5101411636067166
24,500,0.998,0.6138516824567135,0.998,0.6118574037787429,0.999996,0.6018657828839235,0.999,0.6710225416530545,0.998999998999999,0.6641662292592914,1.0,0.6841745696904588,0.982,0.6102580855929435,0.9819941661098196,0.6117586602685198,1.0,0.6778473701639882,0.894,0.6788631166285528,0.8927954496725204,0.6378733913044826,1.0,0.6941014803013276,0.981,0.6047043449852989,0.9809931385230068,0.605819158474155,1.0,0.6807386991322971,0.951,0.6269193074158772,0.9508820678448956,0.6280099587289487,0.9999159999999999,0.6940597596368216,1.0,0.5707285200914733,1.0,0.5678654492434646,1.0,0.5634971130169343
24,5,1.0,0.3335511270826527,1.0,0.3170497224435721,1.0,0.25190154966193223,1.0,0.3116628552760536,1.0,0.27241715000531314,1.0,0.2499280753127529,1.0,0.34171839268213,1.0,0.25931849531558904,1.0,0.24866776357247095,1.0,0.3946422737667429,1.0,0.3778859809152689,1.0,0.2682443162113465,1.0,0.3459653707938582,1.0,0.25960402500354235,1.0,0.24567517507468434,1.0,0.33289774583469456,1.0,0.33381428410085606,1.0,0.25890410244509166,1.0,0.27670695851029076,1.0,0.24596004005968902,1.0,0.21373757180517494
24,50,1.0,0.5962103887618425,1.0,0.5953763328548598,1.0,0.6115141211411645,1.0,0.6318196667755636,1.0,0.6311988331024263,1.0,0.6647970593884966,1.0,0.5668082326037243,1.0,0.563418759772812,1.0,0.6630426185279734,1.0,0.6543613198301209,1.0,0.6131807819674051,1.0,0.6693593878883172,1.0,0.5570075138843515,1.0,0.5503298242066793,1.0,0.6639704687229739,1.0,0.5543939888925188,1.0,0.544452852304587,1.0,0.6691729486688066,1.0,0.6105847762169225,1.0,0.611336870695913,1.0,0.6370423873259574
24,2500,0.9984,0.5436131983012088,0.9983999989759994,0.5450507161195111,0.99997888,0.5250393521476147,0.9886,0.6775563541326364,0.9885988138205899,0.661176316170906,0.99983616,0.6593951025154953,0.9512,0.5919634106501144,0.9510835083100299,0.5934041794751692,0.99974368,0.6533773312507769,0.8514,0.672329304148971,0.8480445252855751,0.6247554973885567,0.99970512,0.6710073541362996,0.948,0.5873897419144071,0.9478590107651089,0.5883069354434403,0.9995808,0.6578244933329509,0.8844,0.6945442665795492,0.8828342721997433,0.6624345814409074,0.9991387199999999,0.6814940169959557,1.0,0.5576608951323097,1.0,0.5586565908298216,1.0,0.5261193089319597
